ant,from,to,m,tracklet,assigned,single,source
BB,6001,6038,3,trj_id3_ti3_1_tf3_38,0,0,0
BB,6039,6060,3,trj_id6_ti3_39_tf3_60,0,0,0
BB,6061,6061,3,trj_id6_ti3_61_tf3_61,0,0,0
BB,6062,6069,3,trj_id6_ti3_62_tf3_69,0,0,0
BB,6070,6127,3,trj_id5_ti3_70_tf3_127,0,0,0
BB,6128,6286,3,trj_id5_ti3_128_tf3_286,0,0,0
BB,6287,6289,3,trj_id5_ti3_287_tf3_289,0,0,0
BB,6290,6304,3,trj_id5_ti3_290_tf3_304,0,0,0
BB,6305,6307,3,trj_id5_ti3_305_tf3_307,0,0,0
BB,6308,6325,3,trj_id6_ti3_308_tf3_325,0,0,0
BB,6326,6424,3,trj_id4_ti3_326_tf3_424,0,0,0
BB,6425,6483,3,trj_id6_ti3_425_tf3_483,0,0,0
BB,6484,6504,3,trj_id6_ti3_484_tf3_504,0,0,0
BB,6505,6565,3,trj_id6_ti3_505_tf3_565,0,0,0
BB,6566,6683,3,trj_id1_ti3_566_tf3_683,0,0,0
BB,6684,6723,3,trj_id1_ti3_684_tf3_723,0,0,0
BB,6725,6725,3,trj_id1_ti3_725_tf3_725,0,0,0
BB,6740,6760,3,trj_id1_ti3_740_tf3_760,0,0,0
BB,6762,6765,3,trj_id1_ti3_762_tf3_765,0,0,0
BB,6766,6767,3,trj_id1_ti3_766_tf3_767,0,0,0
BB,6768,6769,3,trj_id1_ti3_768_tf3_769,0,0,0
BB,6770,6793,3,trj_id8_ti3_770_tf3_793,0,0,0
BB,6794,6798,3,trj_id1_ti3_794_tf3_798,0,0,0
BB,6799,6820,3,trj_id9_ti3_799_tf3_820,0,0,0
BB,6821,6992,3,trj_id5_ti3_821_tf3_992,0,0,0
BB,6993,7075,3,trj_id4_ti3_993_tf3_1075,0,0,0
BB,7076,7079,3,trj_id4_ti3_1076_tf3_1079,0,0,0
BB,7080,7085,3,trj_id4_ti3_1080_tf3_1085,0,0,0
BB,7086,7101,3,trj_id4_ti3_1086_tf3_1101,0,0,0
BB,7102,7114,3,trj_id4_ti3_1102_tf3_1114,0,0,0
BB,7115,7135,3,trj_id3_ti3_1115_tf3_1135,0,0,0
BB,7136,7150,3,trj_id3_ti3_1136_tf3_1150,0,0,0
BB,7151,7217,3,trj_id6_ti3_1151_tf3_1217,0,0,0
BB,7218,7233,3,trj_id2_ti3_1218_tf3_1233,0,0,0
BB,7237,7237,3,trj_id2_ti3_1237_tf3_1237,0,0,0
BB,7238,7253,3,trj_id2_ti3_1238_tf3_1253,0,0,0
BB,7254,7275,3,trj_id2_ti3_1254_tf3_1275,0,0,0
BB,7276,7296,3,trj_id2_ti3_1276_tf3_1296,0,0,0
BB,7297,7298,3,trj_id2_ti3_1297_tf3_1298,0,0,0
BB,7299,7300,3,trj_id2_ti3_1299_tf3_1300,0,0,0
BB,7301,7302,3,trj_id2_ti3_1301_tf3_1302,0,0,0
BB,7303,7305,3,trj_id2_ti3_1303_tf3_1305,0,0,0
BB,7306,7309,3,trj_id2_ti3_1306_tf3_1309,0,0,0
BB,7310,7317,3,trj_id2_ti3_1310_tf3_1317,0,0,0
BB,7318,7324,3,trj_id2_ti3_1318_tf3_1324,0,0,0
BB,7325,7349,3,trj_id2_ti3_1325_tf3_1349,0,0,0
BB,7350,7586,3,trj_id2_ti3_1350_tf3_1586,0,0,0
BB,7587,7732,3,trj_id1_ti3_1587_tf3_1732,0,0,0
BB,7733,7738,3,trj_id1_ti3_1733_tf3_1738,0,0,0
BB,7739,7743,3,trj_id1_ti3_1739_tf3_1743,0,0,0
BB,7744,7769,3,trj_id1_ti3_1744_tf3_1769,0,0,0
BB,7770,7775,3,trj_id1_ti3_1770_tf3_1775,0,0,0
BB,7776,7830,3,trj_id1_ti3_1776_tf3_1830,0,0,0
BB,7831,7857,3,trj_id5_ti3_1831_tf3_1857,0,0,0
BB,7858,7895,3,trj_id5_ti3_1858_tf3_1895,0,0,0
BB,7896,7923,3,trj_id5_ti3_1896_tf3_1923,0,0,0
BB,7924,7925,3,trj_id5_ti3_1924_tf3_1925,0,0,0
BB,7926,7926,3,trj_id6_ti3_1926_tf3_1926,0,0,0
BB,7927,7942,3,trj_id6_ti3_1927_tf3_1942,0,0,0
BB,7943,7946,3,trj_id6_ti3_1943_tf3_1946,0,0,0
BB,7988,8003,3,trj_id5_ti3_1988_tf3_2003,0,0,0
BB,8004,8021,3,trj_id4_ti3_2004_tf3_2021,0,0,0
BB,8022,8055,3,trj_id4_ti3_2022_tf3_2055,0,0,0
BB,8056,8074,3,trj_id4_ti3_2056_tf3_2074,0,0,0
BB,8075,8111,3,trj_id4_ti3_2075_tf3_2111,0,0,0
BB,8112,8121,3,trj_id7_ti3_2112_tf3_2121,0,0,0
BB,8122,8203,3,trj_id7_ti3_2122_tf3_2203,0,0,0
BB,8204,8521,3,trj_id5_ti3_2204_tf3_2521,0,0,0
BB,8522,8669,3,trj_id6_ti3_2522_tf3_2669,0,0,0
BB,8670,8837,3,trj_id4_ti3_2670_tf3_2837,0,0,0
BB,8838,8889,3,trj_id1_ti3_2838_tf3_2889,0,0,0
BB,8890,8909,3,trj_id1_ti3_2890_tf3_2909,0,0,0
BB,8910,8912,3,trj_id1_ti3_2910_tf3_2912,0,0,0
BB,8915,8916,3,trj_id1_ti3_2915_tf3_2916,0,0,0
BB,8965,8968,3,trj_id1_ti3_2965_tf3_2968,0,0,0
BB,8969,8974,3,trj_id1_ti3_2969_tf3_2974,0,0,0
BB,8975,8990,3,trj_id1_ti3_2975_tf3_2990,0,0,0
BB,8991,8997,3,trj_id1_ti3_2991_tf3_2997,0,0,0
BB,8998,9000,3,trj_id1_ti3_2998_tf3_3000,0,0,0
BG,6954,7009,3,trj_id2_ti3_954_tf3_1009,0,0,0
BG,7010,7094,3,trj_id2_ti3_1010_tf3_1094,0,0,0
BG,7095,7112,3,trj_id2_ti3_1095_tf3_1112,0,0,0
BG,7113,7147,3,trj_id7_ti3_1113_tf3_1147,0,0,0
BG,7150,7226,3,trj_id4_ti3_1150_tf3_1226,1,0,0
BG,7227,7278,3,trj_id6_ti3_1227_tf3_1278,1,0,0
BG,7279,7291,3,trj_id4_ti3_1279_tf3_1291,1,0,0
BG,7292,7301,3,trj_id1_ti3_1292_tf3_1301,1,0,0
BG,7302,7352,3,trj_id4_ti3_1302_tf3_1352,1,0,0
BG,7353,7417,3,trj_id6_ti3_1353_tf3_1417,1,0,0
BG,7418,7420,3,trj_id5_ti3_1418_tf3_1420,1,0,0
BG,7421,7425,3,trj_id5_ti3_1421_tf3_1425,1,0,0
BG,7426,7465,3,trj_id8_ti3_1426_tf3_1465,1,1,1
BG,7466,7553,3,trj_id5_ti3_1466_tf3_1553,1,0,0
BG,7554,7922,3,trj_id8_ti3_1554_tf3_1922,1,1,1
BG,7923,7925,3,trj_id1_ti3_1923_tf3_1925,1,0,0
BG,7926,7945,3,trj_id5_ti3_1926_tf3_1945,1,1,1
BG,7946,7947,3,trj_id1_ti3_1946_tf3_1947,1,0,0
BG,7948,7949,3,trj_id1_ti3_1948_tf3_1949,1,1,0
BG,7950,7966,3,trj_id1_ti3_1950_tf3_1966,1,0,0
BG,7967,8024,3,trj_id9_ti3_1967_tf3_2024,1,1,1
BG,8025,8046,3,trj_id1_ti3_2025_tf3_2046,1,0,0
BG,8047,8063,3,trj_id6_ti3_2047_tf3_2063,1,1,1
BG,8064,8066,3,trj_id3_ti3_2064_tf3_2066,1,0,0
BG,8067,8149,3,trj_id3_ti3_2067_tf3_2149,1,1,1
BG,8150,8156,3,trj_id1_ti3_2150_tf3_2156,1,0,0
BG,8157,8160,3,trj_id3_ti3_2157_tf3_2160,1,0,0
BG,8161,8211,3,trj_id3_ti3_2161_tf3_2211,1,1,1
BG,8212,8221,3,trj_id2_ti3_2212_tf3_2221,1,0,0
BG,8222,8231,3,trj_id2_ti3_2222_tf3_2231,1,1,1
BG,8232,8242,3,trj_id1_ti3_2232_tf3_2242,1,0,0
BG,8243,8264,3,trj_id1_ti3_2243_tf3_2264,1,0,0
BG,8265,8267,3,trj_id2_ti3_2265_tf3_2267,1,0,0
BG,8268,8273,3,trj_id1_ti3_2268_tf3_2273,1,0,0
BG,8275,8286,3,trj_id1_ti3_2275_tf3_2286,1,0,0
BG,8287,8305,3,trj_id1_ti3_2287_tf3_2305,1,0,0
BG,8306,8554,3,trj_id3_ti3_2306_tf3_2554,1,0,0
BG,8555,8557,3,trj_id3_ti3_2555_tf3_2557,1,0,0
BG,8558,8559,3,trj_id4_ti3_2558_tf3_2559,1,0,0
BG,8560,8564,3,trj_id2_ti3_2560_tf3_2564,1,0,0
BG,8565,8573,3,trj_id2_ti3_2565_tf3_2573,1,0,0
BG,8574,8598,3,trj_id7_ti3_2574_tf3_2598,1,1,1
BG,8599,8607,3,trj_id3_ti3_2599_tf3_2607,1,0,0
BG,8608,8630,3,trj_id2_ti3_2608_tf3_2630,1,0,0
BG,8631,8641,3,trj_id1_ti3_2631_tf3_2641,1,0,0
BG,8642,8726,3,trj_id1_ti3_2642_tf3_2726,1,0,0
BG,8728,8728,3,trj_id1_ti3_2728_tf3_2728,1,0,0
BG,8730,8758,3,trj_id1_ti3_2730_tf3_2758,1,0,0
BG,8759,8853,3,trj_id3_ti3_2759_tf3_2853,1,0,0
BG,8854,8862,3,trj_id3_ti3_2854_tf3_2862,1,0,0
BG,8863,8869,3,trj_id3_ti3_2863_tf3_2869,1,0,0
BG,8870,8870,3,trj_id5_ti3_2870_tf3_2870,1,0,0
BG,8871,8871,3,trj_id3_ti3_2871_tf3_2871,1,0,0
BG,8872,8872,3,trj_id5_ti3_2872_tf3_2872,1,0,0
BG,8873,8876,3,trj_id3_ti3_2873_tf3_2876,1,0,0
BG,8877,8882,3,trj_id5_ti3_2877_tf3_2882,1,0,0
BG,8883,9000,3,trj_id3_ti3_2883_tf3_3000,1,0,0
BO,6001,6038,3,trj_id3_ti3_1_tf3_38,1,0,0
BO,6039,6060,3,trj_id6_ti3_39_tf3_60,1,0,0
BO,6061,6061,3,trj_id6_ti3_61_tf3_61,1,0,0
BO,6062,6069,3,trj_id6_ti3_62_tf3_69,1,0,0
BO,6070,6127,3,trj_id5_ti3_70_tf3_127,1,0,0
BO,6128,6286,3,trj_id5_ti3_128_tf3_286,1,0,0
BO,6287,6289,3,trj_id5_ti3_287_tf3_289,1,0,0
BO,6290,6304,3,trj_id5_ti3_290_tf3_304,1,0,0
BO,6305,6307,3,trj_id5_ti3_305_tf3_307,1,0,0
BO,6308,6325,3,trj_id6_ti3_308_tf3_325,1,0,0
BO,6326,6424,3,trj_id4_ti3_326_tf3_424,1,0,0
BO,6425,6483,3,trj_id6_ti3_425_tf3_483,1,0,0
BO,6484,6488,3,trj_id4_ti3_484_tf3_488,1,1,1
BO,6489,6501,3,trj_id3_ti3_489_tf3_501,1,0,0
BO,6502,6817,3,trj_id3_ti3_502_tf3_817,1,1,1
BO,6818,6827,3,trj_id3_ti3_818_tf3_827,1,0,0
BO,6828,6834,3,trj_id2_ti3_828_tf3_834,1,0,0
BO,6836,6839,3,trj_id2_ti3_836_tf3_839,1,0,0
BO,6840,6844,3,trj_id2_ti3_840_tf3_844,1,0,0
BO,6845,6845,3,trj_id2_ti3_845_tf3_845,1,0,0
BO,6846,6860,3,trj_id4_ti3_846_tf3_860,1,0,0
BO,6869,6874,3,trj_id4_ti3_869_tf3_874,1,0,0
BO,6875,6883,3,trj_id4_ti3_875_tf3_883,1,1,1
BO,6884,7093,3,trj_id1_ti3_884_tf3_1093,1,0,0
BO,7094,7135,3,trj_id6_ti3_1094_tf3_1135,1,1,1
BO,7136,7150,3,trj_id3_ti3_1136_tf3_1150,1,0,0
BO,7151,7217,3,trj_id6_ti3_1151_tf3_1217,1,0,0
BO,7218,7233,3,trj_id2_ti3_1218_tf3_1233,1,0,0
BO,7237,7237,3,trj_id2_ti3_1237_tf3_1237,1,0,0
BO,7238,7253,3,trj_id2_ti3_1238_tf3_1253,1,0,0
BO,7254,7275,3,trj_id2_ti3_1254_tf3_1275,1,0,0
BO,7276,7296,3,trj_id2_ti3_1276_tf3_1296,1,0,0
BO,7297,7298,3,trj_id2_ti3_1297_tf3_1298,1,0,0
BO,7299,7300,3,trj_id2_ti3_1299_tf3_1300,1,0,0
BO,7301,7302,3,trj_id2_ti3_1301_tf3_1302,1,0,0
BO,7303,7305,3,trj_id2_ti3_1303_tf3_1305,1,0,0
BO,7306,7309,3,trj_id2_ti3_1306_tf3_1309,1,0,0
BO,7310,7317,3,trj_id2_ti3_1310_tf3_1317,1,0,0
BO,7318,7324,3,trj_id2_ti3_1318_tf3_1324,1,0,0
BO,7325,7349,3,trj_id2_ti3_1325_tf3_1349,1,0,0
BO,7350,7586,3,trj_id2_ti3_1350_tf3_1586,1,0,0
BO,7587,7732,3,trj_id1_ti3_1587_tf3_1732,1,0,0
BO,7733,7738,3,trj_id1_ti3_1733_tf3_1738,1,0,0
BO,7739,7743,3,trj_id1_ti3_1739_tf3_1743,1,0,0
BO,7744,7769,3,trj_id1_ti3_1744_tf3_1769,1,0,0
BO,7770,7775,3,trj_id1_ti3_1770_tf3_1775,1,0,0
BO,7776,7830,3,trj_id1_ti3_1776_tf3_1830,1,0,0
BO,7831,7857,3,trj_id5_ti3_1831_tf3_1857,1,0,0
BO,7858,7895,3,trj_id5_ti3_1858_tf3_1895,1,0,0
BO,7896,7923,3,trj_id5_ti3_1896_tf3_1923,1,0,0
BO,7924,7925,3,trj_id5_ti3_1924_tf3_1925,1,0,0
BO,7926,7926,3,trj_id6_ti3_1926_tf3_1926,1,0,0
BO,7927,7942,3,trj_id6_ti3_1927_tf3_1942,1,0,0
BO,7943,7946,3,trj_id6_ti3_1943_tf3_1946,1,0,0
BO,7988,8003,3,trj_id5_ti3_1988_tf3_2003,0,0,0
BO,8004,8021,3,trj_id4_ti3_2004_tf3_2021,0,0,0
BO,8022,8055,3,trj_id4_ti3_2022_tf3_2055,0,0,0
BO,8056,8074,3,trj_id4_ti3_2056_tf3_2074,0,0,0
BO,8075,8111,3,trj_id4_ti3_2075_tf3_2111,0,0,0
BO,8112,8121,3,trj_id7_ti3_2112_tf3_2121,0,0,0
BO,8122,8203,3,trj_id7_ti3_2122_tf3_2203,0,0,0
BO,8204,8521,3,trj_id5_ti3_2204_tf3_2521,0,0,0
BO,8522,8669,3,trj_id6_ti3_2522_tf3_2669,0,0,0
BO,8670,8837,3,trj_id4_ti3_2670_tf3_2837,0,0,0
BO,8838,8889,3,trj_id1_ti3_2838_tf3_2889,0,0,0
BO,8890,8909,3,trj_id1_ti3_2890_tf3_2909,0,0,0
BO,8910,8912,3,trj_id1_ti3_2910_tf3_2912,0,0,0
BO,8915,8916,3,trj_id1_ti3_2915_tf3_2916,0,0,0
BO,8965,8968,3,trj_id1_ti3_2965_tf3_2968,0,0,0
BO,8969,8974,3,trj_id1_ti3_2969_tf3_2974,0,0,0
BO,8975,8990,3,trj_id1_ti3_2975_tf3_2990,0,0,0
BO,8991,8997,3,trj_id1_ti3_2991_tf3_2997,0,0,0
BO,8998,9000,3,trj_id1_ti3_2998_tf3_3000,0,0,0
BP,6001,6565,3,trj_id1_ti3_1_tf3_565,1,1,1
BP,6566,6683,3,trj_id1_ti3_566_tf3_683,1,0,0
BP,6684,6723,3,trj_id1_ti3_684_tf3_723,1,0,0
BP,6725,6725,3,trj_id1_ti3_725_tf3_725,0,0,0
BP,6740,6760,3,trj_id1_ti3_740_tf3_760,1,0,0
BP,6762,6765,3,trj_id1_ti3_762_tf3_765,1,0,0
BP,6766,6767,3,trj_id1_ti3_766_tf3_767,1,0,0
BP,6768,6769,3,trj_id1_ti3_768_tf3_769,1,0,0
BP,6770,6782,3,trj_id1_ti3_770_tf3_782,1,1,1
BP,6783,6793,3,trj_id1_ti3_783_tf3_793,1,0,0
BP,6794,6798,3,trj_id1_ti3_794_tf3_798,1,0,0
BP,6799,6875,3,trj_id1_ti3_799_tf3_875,1,1,1
BP,6876,6881,3,trj_id1_ti3_876_tf3_881,1,0,0
BP,6882,6883,3,trj_id1_ti3_882_tf3_883,1,1,1
BP,6884,7093,3,trj_id1_ti3_884_tf3_1093,1,0,0
BP,7094,7174,3,trj_id1_ti3_1094_tf3_1174,1,1,1
BP,7175,7177,3,trj_id1_ti3_1175_tf3_1177,1,0,0
BP,7178,7237,3,trj_id1_ti3_1178_tf3_1237,1,1,1
BP,7238,7254,3,trj_id1_ti3_1238_tf3_1254,1,0,0
BP,7255,7382,3,trj_id3_ti3_1255_tf3_1382,1,1,1
BP,7383,7408,3,trj_id3_ti3_1383_tf3_1408,1,0,0
BP,7409,7635,3,trj_id4_ti3_1409_tf3_1635,1,1,1
BP,7636,7655,3,trj_id2_ti3_1636_tf3_1655,1,0,0
BP,7656,7667,3,trj_id2_ti3_1656_tf3_1667,1,0,0
BP,7668,7990,3,trj_id2_ti3_1668_tf3_1990,1,0,0
BP,8001,8006,3,trj_id2_ti3_2001_tf3_2006,0,0,0
BP,8037,8038,3,trj_id2_ti3_2037_tf3_2038,0,0,0
BP,8054,8200,3,trj_id2_ti3_2054_tf3_2200,0,0,0
BP,8201,8202,3,trj_id2_ti3_2201_tf3_2202,0,0,0
BP,8206,8208,3,trj_id2_ti3_2206_tf3_2208,0,0,0
BP,8212,8221,3,trj_id2_ti3_2212_tf3_2221,1,0,0
BP,8222,8242,3,trj_id3_ti3_2222_tf3_2242,1,0,0
BP,8243,8264,3,trj_id1_ti3_2243_tf3_2264,1,0,0
BP,8265,8267,3,trj_id2_ti3_2265_tf3_2267,1,0,0
BP,8268,8273,3,trj_id1_ti3_2268_tf3_2273,1,0,0
BP,8275,8286,3,trj_id1_ti3_2275_tf3_2286,1,0,0
BP,8287,8559,3,trj_id2_ti3_2287_tf3_2559,1,1,1
BP,8560,8564,3,trj_id2_ti3_2560_tf3_2564,1,0,0
BP,8565,8578,3,trj_id4_ti3_2565_tf3_2578,1,1,1
BP,8579,8607,3,trj_id2_ti3_2579_tf3_2607,1,0,0
BP,8608,8630,3,trj_id2_ti3_2608_tf3_2630,1,0,0
BP,8631,8641,3,trj_id1_ti3_2631_tf3_2641,1,0,0
BP,8642,8726,3,trj_id1_ti3_2642_tf3_2726,1,0,0
BP,8728,8728,3,trj_id1_ti3_2728_tf3_2728,1,0,0
BP,8730,8758,3,trj_id1_ti3_2730_tf3_2758,1,0,0
BP,8759,8853,3,trj_id3_ti3_2759_tf3_2853,1,0,0
BP,8854,8862,3,trj_id3_ti3_2854_tf3_2862,1,0,0
BP,8863,8869,3,trj_id3_ti3_2863_tf3_2869,1,0,0
BP,8870,8870,3,trj_id5_ti3_2870_tf3_2870,1,0,0
BP,8871,8871,3,trj_id3_ti3_2871_tf3_2871,1,0,0
BP,8872,8872,3,trj_id5_ti3_2872_tf3_2872,1,0,0
BP,8873,8876,3,trj_id3_ti3_2873_tf3_2876,1,0,0
BP,8877,8882,3,trj_id5_ti3_2877_tf3_2882,1,0,0
BP,8883,9000,3,trj_id3_ti3_2883_tf3_3000,1,0,0
GB,6001,6137,3,trj_id2_ti3_1_tf3_137,1,1,1
GB,6138,6164,3,trj_id2_ti3_138_tf3_164,1,0,0
GB,6165,6325,3,trj_id4_ti3_165_tf3_325,1,1,1
GB,6326,6424,3,trj_id4_ti3_326_tf3_424,1,0,0
GB,6425,6429,3,trj_id4_ti3_425_tf3_429,1,0,0
GB,6430,6435,3,trj_id2_ti3_430_tf3_435,1,1,0
GB,6436,6437,3,trj_id2_ti3_436_tf3_437,1,0,0
GB,6438,6511,3,trj_id2_ti3_438_tf3_511,1,1,1
GB,6512,6514,3,trj_id2_ti3_512_tf3_514,1,0,0
GB,6515,6544,3,trj_id2_ti3_515_tf3_544,1,1,1
GB,6545,6568,3,trj_id2_ti3_545_tf3_568,1,0,0
GB,6569,6596,3,trj_id6_ti3_569_tf3_596,1,1,1
GB,6597,6606,3,trj_id4_ti3_597_tf3_606,1,0,0
GB,6607,6607,3,trj_id6_ti3_607_tf3_607,1,1,1
GB,6608,6612,3,trj_id4_ti3_608_tf3_612,1,0,0
GB,6613,6820,3,trj_id4_ti3_613_tf3_820,1,1,1
GB,6821,6831,3,trj_id6_ti3_821_tf3_831,1,0,0
GB,6832,7022,3,trj_id3_ti3_832_tf3_1022,1,1,1
GB,7023,7031,3,trj_id3_ti3_1023_tf3_1031,1,0,0
GB,7032,7094,3,trj_id5_ti3_1032_tf3_1094,1,1,1
GB,7095,7112,3,trj_id2_ti3_1095_tf3_1112,1,0,0
GB,7113,7217,3,trj_id2_ti3_1113_tf3_1217,1,1,1
GB,7218,7233,3,trj_id2_ti3_1218_tf3_1233,1,0,0
GB,7234,7235,3,trj_id2_ti3_1234_tf3_1235,1,0,0
GB,7236,7245,3,trj_id8_ti3_1236_tf3_1245,1,1,1
GB,7246,7253,3,trj_id3_ti3_1246_tf3_1253,1,0,0
GB,7254,7275,3,trj_id2_ti3_1254_tf3_1275,1,0,0
GB,7276,7283,3,trj_id7_ti3_1276_tf3_1283,1,0,0
GB,7284,7655,3,trj_id7_ti3_1284_tf3_1655,1,1,1
GB,7656,7667,3,trj_id2_ti3_1656_tf3_1667,1,0,0
GB,7668,7852,3,trj_id4_ti3_1668_tf3_1852,1,1,1
GB,7853,7859,3,trj_id1_ti3_1853_tf3_1859,1,0,0
GB,7860,7861,3,trj_id1_ti3_1860_tf3_1861,1,0,0
GB,7862,7866,3,trj_id1_ti3_1862_tf3_1866,1,0,0
GB,7867,7875,3,trj_id7_ti3_1867_tf3_1875,1,1,1
GB,7876,7893,3,trj_id4_ti3_1876_tf3_1893,1,0,0
GB,7894,7895,3,trj_id7_ti3_1894_tf3_1895,1,0,0
GB,7896,7923,3,trj_id5_ti3_1896_tf3_1923,1,0,0
GB,7924,7925,3,trj_id5_ti3_1924_tf3_1925,1,0,0
GB,7926,7926,3,trj_id6_ti3_1926_tf3_1926,1,0,0
GB,7927,7942,3,trj_id6_ti3_1927_tf3_1942,1,0,0
GB,7943,7946,3,trj_id6_ti3_1943_tf3_1946,1,0,0
GB,7947,7952,3,trj_id6_ti3_1947_tf3_1952,1,0,0
GB,7953,8074,3,trj_id8_ti3_1953_tf3_2074,1,1,1
GB,8075,8111,3,trj_id4_ti3_2075_tf3_2111,1,0,0
GB,8112,8121,3,trj_id7_ti3_2112_tf3_2121,1,0,0
GB,8122,8127,3,trj_id8_ti3_2122_tf3_2127,1,0,0
GB,8128,8141,3,trj_id5_ti3_2128_tf3_2141,1,0,0
GB,8142,8149,3,trj_id5_ti3_2142_tf3_2149,1,1,1
GB,8150,8154,3,trj_id3_ti3_2150_tf3_2154,1,0,0
GB,8157,8171,3,trj_id5_ti3_2157_tf3_2171,1,0,0
GB,8172,8771,3,trj_id8_ti3_2172_tf3_2771,1,1,1
GB,8772,8853,3,trj_id5_ti3_2772_tf3_2853,1,1,1
GB,8854,8862,3,trj_id3_ti3_2854_tf3_2862,1,0,0
GB,8863,9000,3,trj_id4_ti3_2863_tf3_3000,1,1,1
GG,6001,6063,3,trj_id4_ti3_1_tf3_63,1,0,0
GG,6064,6136,3,trj_id4_ti3_64_tf3_136,1,0,0
GG,6137,6137,3,trj_id4_ti3_137_tf3_137,1,0,0
GG,6138,6164,3,trj_id2_ti3_138_tf3_164,1,0,0
GG,6165,6296,3,trj_id2_ti3_165_tf3_296,1,0,0
GG,6297,6312,3,trj_id7_ti3_297_tf3_312,1,0,0
GG,6313,6434,3,trj_id8_ti3_313_tf3_434,1,1,1
GG,6435,6437,3,trj_id7_ti3_435_tf3_437,1,0,0
GG,6438,6469,3,trj_id7_ti3_438_tf3_469,1,1,1
GG,6470,6478,3,trj_id7_ti3_470_tf3_478,1,0,0
GG,6479,6507,3,trj_id8_ti3_479_tf3_507,1,1,1
GG,6508,6544,3,trj_id7_ti3_508_tf3_544,1,0,0
GG,6545,6568,3,trj_id2_ti3_545_tf3_568,1,0,0
GG,6569,6573,3,trj_id2_ti3_569_tf3_573,1,0,0
GG,6574,6585,3,trj_id2_ti3_574_tf3_585,1,0,0
GG,6586,6623,3,trj_id2_ti3_586_tf3_623,1,0,0
GG,6624,6827,3,trj_id2_ti3_624_tf3_827,1,1,1
GG,6828,6834,3,trj_id2_ti3_828_tf3_834,1,0,0
GG,6836,6839,3,trj_id2_ti3_836_tf3_839,1,0,0
GG,6840,6844,3,trj_id2_ti3_840_tf3_844,1,0,0
GG,6849,6868,3,trj_id7_ti3_849_tf3_868,1,0,0
GG,6869,6908,3,trj_id7_ti3_869_tf3_908,1,1,1
GG,6909,6927,3,trj_id2_ti3_909_tf3_927,1,0,0
GG,6928,6953,3,trj_id2_ti3_928_tf3_953,1,1,0
GG,6954,7009,3,trj_id2_ti3_954_tf3_1009,1,0,0
GG,7010,7094,3,trj_id2_ti3_1010_tf3_1094,1,0,0
GG,7095,7112,3,trj_id2_ti3_1095_tf3_1112,1,0,0
GG,7113,7147,3,trj_id7_ti3_1113_tf3_1147,1,0,0
GG,7151,7217,3,trj_id6_ti3_1151_tf3_1217,1,0,0
GG,7218,7233,3,trj_id2_ti3_1218_tf3_1233,1,0,0
GG,7237,7237,3,trj_id2_ti3_1237_tf3_1237,1,0,0
GG,7238,7245,3,trj_id3_ti3_1238_tf3_1245,1,1,1
GG,7246,7253,3,trj_id3_ti3_1246_tf3_1253,1,0,0
GG,7254,7275,3,trj_id2_ti3_1254_tf3_1275,1,0,0
GG,7276,7283,3,trj_id7_ti3_1276_tf3_1283,1,0,0
GG,7284,7296,3,trj_id6_ti3_1284_tf3_1296,1,1,1
GG,7297,7298,3,trj_id2_ti3_1297_tf3_1298,1,0,0
GG,7299,7300,3,trj_id4_ti3_1299_tf3_1300,1,1,1
GG,7301,7302,3,trj_id2_ti3_1301_tf3_1302,1,0,0
GG,7303,7305,3,trj_id2_ti3_1303_tf3_1305,1,0,0
GG,7306,7349,3,trj_id8_ti3_1306_tf3_1349,1,1,1
GG,7350,7586,3,trj_id2_ti3_1350_tf3_1586,1,0,0
GG,7587,7732,3,trj_id1_ti3_1587_tf3_1732,1,0,0
GG,7733,7738,3,trj_id1_ti3_1733_tf3_1738,1,0,0
GG,7739,7743,3,trj_id1_ti3_1739_tf3_1743,1,0,0
GG,7744,7769,3,trj_id1_ti3_1744_tf3_1769,1,0,0
GG,7770,7775,3,trj_id1_ti3_1770_tf3_1775,1,0,0
GG,7776,7830,3,trj_id1_ti3_1776_tf3_1830,1,0,0
GG,7831,7857,3,trj_id5_ti3_1831_tf3_1857,1,0,0
GG,7858,7895,3,trj_id5_ti3_1858_tf3_1895,1,0,0
GG,7896,7923,3,trj_id5_ti3_1896_tf3_1923,1,0,0
GG,7924,7925,3,trj_id5_ti3_1924_tf3_1925,1,0,0
GG,7926,7926,3,trj_id6_ti3_1926_tf3_1926,1,0,0
GG,7927,7942,3,trj_id6_ti3_1927_tf3_1942,1,0,0
GG,7943,7946,3,trj_id6_ti3_1943_tf3_1946,1,0,0
GG,7988,8003,3,trj_id5_ti3_1988_tf3_2003,0,0,0
GG,8004,8021,3,trj_id4_ti3_2004_tf3_2021,0,0,0
GG,8022,8055,3,trj_id4_ti3_2022_tf3_2055,0,0,0
GG,8056,8074,3,trj_id4_ti3_2056_tf3_2074,0,0,0
GG,8075,8111,3,trj_id4_ti3_2075_tf3_2111,0,0,0
GG,8112,8121,3,trj_id7_ti3_2112_tf3_2121,0,0,0
GG,8122,8203,3,trj_id7_ti3_2122_tf3_2203,0,0,0
GG,8204,8521,3,trj_id5_ti3_2204_tf3_2521,0,0,0
GG,8522,8669,3,trj_id6_ti3_2522_tf3_2669,0,0,0
GG,8670,8837,3,trj_id4_ti3_2670_tf3_2837,0,0,0
GG,8838,8889,3,trj_id1_ti3_2838_tf3_2889,0,0,0
GG,8890,8909,3,trj_id1_ti3_2890_tf3_2909,0,0,0
GG,8910,8912,3,trj_id1_ti3_2910_tf3_2912,0,0,0
GG,8915,8916,3,trj_id1_ti3_2915_tf3_2916,0,0,0
GG,8965,8968,3,trj_id1_ti3_2965_tf3_2968,1,0,0
GG,8969,8974,3,trj_id1_ti3_2969_tf3_2974,1,0,0
GG,8975,8990,3,trj_id1_ti3_2975_tf3_2990,1,0,0
GG,8991,8997,3,trj_id1_ti3_2991_tf3_2997,1,0,0
GG,8998,9000,3,trj_id1_ti3_2998_tf3_3000,1,0,0
GO,6001,6038,3,trj_id3_ti3_1_tf3_38,0,0,0
GO,6039,6060,3,trj_id6_ti3_39_tf3_60,0,0,0
GO,6061,6061,3,trj_id6_ti3_61_tf3_61,0,0,0
GO,6062,6069,3,trj_id6_ti3_62_tf3_69,0,0,0
GO,6070,6127,3,trj_id5_ti3_70_tf3_127,0,0,0
GO,6128,6286,3,trj_id5_ti3_128_tf3_286,0,0,0
GO,6287,6289,3,trj_id5_ti3_287_tf3_289,0,0,0
GO,6290,6304,3,trj_id5_ti3_290_tf3_304,0,0,0
GO,6305,6307,3,trj_id5_ti3_305_tf3_307,0,0,0
GO,6308,6325,3,trj_id6_ti3_308_tf3_325,0,0,0
GO,6326,6424,3,trj_id4_ti3_326_tf3_424,0,0,0
GO,6425,6483,3,trj_id6_ti3_425_tf3_483,0,0,0
GO,6484,6504,3,trj_id6_ti3_484_tf3_504,0,0,0
GO,6505,6565,3,trj_id6_ti3_505_tf3_565,0,0,0
GO,6566,6683,3,trj_id1_ti3_566_tf3_683,0,0,0
GO,6684,6723,3,trj_id1_ti3_684_tf3_723,0,0,0
GO,6725,6725,3,trj_id1_ti3_725_tf3_725,0,0,0
GO,6740,6760,3,trj_id1_ti3_740_tf3_760,1,0,0
GO,6762,6765,3,trj_id1_ti3_762_tf3_765,1,0,0
GO,6766,6767,3,trj_id1_ti3_766_tf3_767,1,0,0
GO,6768,6769,3,trj_id1_ti3_768_tf3_769,1,0,0
GO,6770,6793,3,trj_id8_ti3_770_tf3_793,1,0,0
GO,6794,6798,3,trj_id1_ti3_794_tf3_798,1,0,0
GO,6799,6820,3,trj_id9_ti3_799_tf3_820,1,0,0
GO,6821,6992,3,trj_id5_ti3_821_tf3_992,1,0,0
GO,6993,7075,3,trj_id4_ti3_993_tf3_1075,1,0,0
GO,7076,7079,3,trj_id4_ti3_1076_tf3_1079,1,0,0
GO,7080,7085,3,trj_id4_ti3_1080_tf3_1085,1,0,0
GO,7086,7101,3,trj_id4_ti3_1086_tf3_1101,1,0,0
GO,7102,7114,3,trj_id4_ti3_1102_tf3_1114,1,0,0
GO,7115,7135,3,trj_id3_ti3_1115_tf3_1135,1,0,0
GO,7136,7150,3,trj_id3_ti3_1136_tf3_1150,1,0,0
GO,7151,7217,3,trj_id6_ti3_1151_tf3_1217,1,0,0
GO,7218,7233,3,trj_id2_ti3_1218_tf3_1233,1,0,0
GO,7237,7237,3,trj_id2_ti3_1237_tf3_1237,1,0,0
GO,7238,7253,3,trj_id2_ti3_1238_tf3_1253,1,0,0
GO,7254,7275,3,trj_id2_ti3_1254_tf3_1275,1,0,0
GO,7276,7296,3,trj_id2_ti3_1276_tf3_1296,1,0,0
GO,7297,7298,3,trj_id2_ti3_1297_tf3_1298,1,0,0
GO,7299,7300,3,trj_id2_ti3_1299_tf3_1300,1,0,0
GO,7301,7302,3,trj_id2_ti3_1301_tf3_1302,1,0,0
GO,7303,7309,3,trj_id6_ti3_1303_tf3_1309,1,1,1
GO,7310,7317,3,trj_id2_ti3_1310_tf3_1317,1,0,0
GO,7318,7324,3,trj_id6_ti3_1318_tf3_1324,1,1,1
GO,7325,7349,3,trj_id2_ti3_1325_tf3_1349,1,0,0
GO,7350,7586,3,trj_id2_ti3_1350_tf3_1586,1,0,0
GO,7587,7732,3,trj_id1_ti3_1587_tf3_1732,1,0,0
GO,7733,7738,3,trj_id1_ti3_1733_tf3_1738,1,0,0
GO,7739,7743,3,trj_id1_ti3_1739_tf3_1743,1,0,0
GO,7744,7769,3,trj_id1_ti3_1744_tf3_1769,1,0,0
GO,7770,7775,3,trj_id1_ti3_1770_tf3_1775,1,0,0
GO,7776,7830,3,trj_id1_ti3_1776_tf3_1830,1,0,0
GO,7831,7857,3,trj_id5_ti3_1831_tf3_1857,1,0,0
GO,7858,7895,3,trj_id5_ti3_1858_tf3_1895,1,0,0
GO,7896,7923,3,trj_id5_ti3_1896_tf3_1923,1,0,0
GO,7924,7925,3,trj_id6_ti3_1924_tf3_1925,1,1,1
GO,7926,7926,3,trj_id6_ti3_1926_tf3_1926,1,0,0
GO,7927,7942,3,trj_id7_ti3_1927_tf3_1942,1,1,1
GO,7943,7946,3,trj_id6_ti3_1943_tf3_1946,1,0,0
GO,7988,8003,3,trj_id5_ti3_1988_tf3_2003,1,0,0
GO,8004,8021,3,trj_id4_ti3_2004_tf3_2021,1,0,0
GO,8022,8055,3,trj_id4_ti3_2022_tf3_2055,1,0,0
GO,8056,8074,3,trj_id4_ti3_2056_tf3_2074,1,0,0
GO,8075,8111,3,trj_id4_ti3_2075_tf3_2111,1,0,0
GO,8112,8121,3,trj_id7_ti3_2112_tf3_2121,1,0,0
GO,8122,8203,3,trj_id7_ti3_2122_tf3_2203,1,0,0
GO,8204,8521,3,trj_id5_ti3_2204_tf3_2521,1,0,0
GO,8522,8669,3,trj_id5_ti3_2522_tf3_2669,1,1,1
GO,8670,8837,3,trj_id4_ti3_2670_tf3_2837,1,0,0
GO,8838,8889,3,trj_id1_ti3_2838_tf3_2889,1,0,0
GO,8890,8909,3,trj_id1_ti3_2890_tf3_2909,1,0,0
GO,8910,8912,3,trj_id1_ti3_2910_tf3_2912,1,0,0
GO,8915,8916,3,trj_id1_ti3_2915_tf3_2916,1,0,0
GO,8965,8968,3,trj_id1_ti3_2965_tf3_2968,1,0,0
GO,8969,8974,3,trj_id5_ti3_2969_tf3_2974,1,1,1
GO,8975,8990,3,trj_id1_ti3_2975_tf3_2990,1,0,0
GO,8991,8997,3,trj_id5_ti3_2991_tf3_2997,1,1,1
GO,8998,9000,3,trj_id1_ti3_2998_tf3_3000,1,0,0
GP,6001,6038,3,trj_id3_ti3_1_tf3_38,0,0,0
GP,6039,6060,3,trj_id6_ti3_39_tf3_60,0,0,0
GP,6061,6061,3,trj_id6_ti3_61_tf3_61,0,0,0
GP,6062,6069,3,trj_id6_ti3_62_tf3_69,0,0,0
GP,6070,6127,3,trj_id5_ti3_70_tf3_127,0,0,0
GP,6128,6286,3,trj_id5_ti3_128_tf3_286,0,0,0
GP,6287,6289,3,trj_id5_ti3_287_tf3_289,0,0,0
GP,6290,6304,3,trj_id5_ti3_290_tf3_304,0,0,0
GP,6305,6307,3,trj_id5_ti3_305_tf3_307,0,0,0
GP,6308,6325,3,trj_id6_ti3_308_tf3_325,0,0,0
GP,6326,6424,3,trj_id4_ti3_326_tf3_424,0,0,0
GP,6425,6483,3,trj_id6_ti3_425_tf3_483,0,0,0
GP,6484,6504,3,trj_id6_ti3_484_tf3_504,0,0,0
GP,6505,6565,3,trj_id6_ti3_505_tf3_565,0,0,0
GP,6566,6683,3,trj_id1_ti3_566_tf3_683,0,0,0
GP,6684,6723,3,trj_id1_ti3_684_tf3_723,0,0,0
GP,6725,6725,3,trj_id1_ti3_725_tf3_725,0,0,0
GP,6740,6760,3,trj_id1_ti3_740_tf3_760,0,0,0
GP,6762,6765,3,trj_id1_ti3_762_tf3_765,0,0,0
GP,6766,6767,3,trj_id1_ti3_766_tf3_767,0,0,0
GP,6768,6769,3,trj_id1_ti3_768_tf3_769,0,0,0
GP,6770,6793,3,trj_id8_ti3_770_tf3_793,0,0,0
GP,6794,6798,3,trj_id1_ti3_794_tf3_798,0,0,0
GP,6799,6820,3,trj_id9_ti3_799_tf3_820,0,0,0
GP,6821,6992,3,trj_id5_ti3_821_tf3_992,0,0,0
GP,6993,7075,3,trj_id4_ti3_993_tf3_1075,0,0,0
GP,7076,7079,3,trj_id4_ti3_1076_tf3_1079,0,0,0
GP,7080,7085,3,trj_id4_ti3_1080_tf3_1085,0,0,0
GP,7086,7101,3,trj_id4_ti3_1086_tf3_1101,0,0,0
GP,7102,7114,3,trj_id4_ti3_1102_tf3_1114,0,0,0
GP,7115,7135,3,trj_id3_ti3_1115_tf3_1135,0,0,0
GP,7136,7150,3,trj_id3_ti3_1136_tf3_1150,0,0,0
GP,7151,7217,3,trj_id6_ti3_1151_tf3_1217,0,0,0
GP,7218,7233,3,trj_id2_ti3_1218_tf3_1233,0,0,0
GP,7237,7237,3,trj_id2_ti3_1237_tf3_1237,0,0,0
GP,7238,7253,3,trj_id2_ti3_1238_tf3_1253,0,0,0
GP,7254,7275,3,trj_id2_ti3_1254_tf3_1275,0,0,0
GP,7276,7296,3,trj_id2_ti3_1276_tf3_1296,0,0,0
GP,7297,7298,3,trj_id2_ti3_1297_tf3_1298,0,0,0
GP,7299,7300,3,trj_id2_ti3_1299_tf3_1300,0,0,0
GP,7301,7302,3,trj_id2_ti3_1301_tf3_1302,0,0,0
GP,7303,7305,3,trj_id2_ti3_1303_tf3_1305,0,0,0
GP,7306,7309,3,trj_id2_ti3_1306_tf3_1309,0,0,0
GP,7310,7317,3,trj_id2_ti3_1310_tf3_1317,0,0,0
GP,7318,7324,3,trj_id2_ti3_1318_tf3_1324,0,0,0
GP,7325,7349,3,trj_id2_ti3_1325_tf3_1349,0,0,0
GP,7350,7586,3,trj_id2_ti3_1350_tf3_1586,0,0,0
GP,7587,7732,3,trj_id1_ti3_1587_tf3_1732,0,0,0
GP,7733,7738,3,trj_id1_ti3_1733_tf3_1738,0,0,0
GP,7739,7743,3,trj_id1_ti3_1739_tf3_1743,0,0,0
GP,7744,7769,3,trj_id1_ti3_1744_tf3_1769,0,0,0
GP,7770,7775,3,trj_id1_ti3_1770_tf3_1775,0,0,0
GP,7776,7830,3,trj_id1_ti3_1776_tf3_1830,0,0,0
GP,7831,7857,3,trj_id5_ti3_1831_tf3_1857,0,0,0
GP,7858,7895,3,trj_id5_ti3_1858_tf3_1895,0,0,0
GP,7896,7923,3,trj_id5_ti3_1896_tf3_1923,0,0,0
GP,7924,7925,3,trj_id5_ti3_1924_tf3_1925,0,0,0
GP,7926,7926,3,trj_id6_ti3_1926_tf3_1926,0,0,0
GP,7927,7942,3,trj_id6_ti3_1927_tf3_1942,0,0,0
GP,7943,7946,3,trj_id6_ti3_1943_tf3_1946,0,0,0
GP,7988,8003,3,trj_id5_ti3_1988_tf3_2003,0,0,0
GP,8004,8021,3,trj_id4_ti3_2004_tf3_2021,0,0,0
GP,8022,8055,3,trj_id4_ti3_2022_tf3_2055,0,0,0
GP,8056,8074,3,trj_id4_ti3_2056_tf3_2074,0,0,0
GP,8075,8111,3,trj_id4_ti3_2075_tf3_2111,0,0,0
GP,8112,8121,3,trj_id7_ti3_2112_tf3_2121,0,0,0
GP,8122,8203,3,trj_id7_ti3_2122_tf3_2203,0,0,0
GP,8204,8521,3,trj_id5_ti3_2204_tf3_2521,0,0,0
GP,8522,8669,3,trj_id6_ti3_2522_tf3_2669,0,0,0
GP,8670,8837,3,trj_id4_ti3_2670_tf3_2837,0,0,0
GP,8838,8889,3,trj_id1_ti3_2838_tf3_2889,0,0,0
GP,8890,8909,3,trj_id1_ti3_2890_tf3_2909,0,0,0
GP,8910,8912,3,trj_id1_ti3_2910_tf3_2912,0,0,0
GP,8915,8916,3,trj_id1_ti3_2915_tf3_2916,0,0,0
GP,8965,8968,3,trj_id1_ti3_2965_tf3_2968,0,0,0
GP,8969,8974,3,trj_id1_ti3_2969_tf3_2974,0,0,0
GP,8975,8990,3,trj_id1_ti3_2975_tf3_2990,0,0,0
GP,8991,8997,3,trj_id1_ti3_2991_tf3_2997,0,0,0
GP,8998,9000,3,trj_id1_ti3_2998_tf3_3000,0,0,0
OB,6001,6038,3,trj_id3_ti3_1_tf3_38,1,0,0
OB,6039,6060,3,trj_id6_ti3_39_tf3_60,1,0,0
OB,6061,6061,3,trj_id7_ti3_61_tf3_61,1,1,1
OB,6062,6069,3,trj_id6_ti3_62_tf3_69,1,0,0
OB,6070,6102,3,trj_id6_ti3_70_tf3_102,1,1,1
OB,6103,6104,3,trj_id3_ti3_103_tf3_104,1,0,0
OB,6105,6427,3,trj_id3_ti3_105_tf3_427,1,1,1
OB,6428,6429,3,trj_id2_ti3_428_tf3_429,1,0,0
OB,6430,6442,3,trj_id4_ti3_430_tf3_442,1,1,1
OB,6443,6449,3,trj_id4_ti3_443_tf3_449,1,0,0
OB,6450,6820,3,trj_id5_ti3_450_tf3_820,1,1,1
OB,6821,6831,3,trj_id6_ti3_821_tf3_831,1,0,0
OB,6832,7075,3,trj_id6_ti3_832_tf3_1075,1,1,1
OB,7076,7079,3,trj_id4_ti3_1076_tf3_1079,1,0,0
OB,7080,7085,3,trj_id6_ti3_1080_tf3_1085,1,1,1
OB,7086,7101,3,trj_id4_ti3_1086_tf3_1101,1,0,0
OB,7102,7417,3,trj_id5_ti3_1102_tf3_1417,1,1,1
OB,7418,7420,3,trj_id5_ti3_1418_tf3_1420,1,0,0
OB,7421,7732,3,trj_id6_ti3_1421_tf3_1732,1,1,1
OB,7733,7738,3,trj_id1_ti3_1733_tf3_1738,1,0,0
OB,7739,7743,3,trj_id5_ti3_1739_tf3_1743,1,1,1
OB,7744,7769,3,trj_id1_ti3_1744_tf3_1769,1,0,0
OB,7770,7775,3,trj_id5_ti3_1770_tf3_1775,1,1,1
OB,7776,7830,3,trj_id1_ti3_1776_tf3_1830,1,0,0
OB,7831,7848,3,trj_id1_ti3_1831_tf3_1848,1,0,0
OB,7860,7861,3,trj_id1_ti3_1860_tf3_1861,1,0,0
OB,7862,7866,3,trj_id1_ti3_1862_tf3_1866,1,0,0
OB,7867,7874,3,trj_id1_ti3_1867_tf3_1874,1,0,0
OB,7875,7879,3,trj_id1_ti3_1875_tf3_1879,1,0,0
OB,7880,7922,3,trj_id1_ti3_1880_tf3_1922,1,1,1
OB,7923,7925,3,trj_id1_ti3_1923_tf3_1925,1,0,0
OB,7926,7945,3,trj_id1_ti3_1926_tf3_1945,1,1,1
OB,7946,7947,3,trj_id1_ti3_1946_tf3_1947,1,0,0
OB,7948,7949,3,trj_id7_ti3_1948_tf3_1949,1,1,1
OB,7950,7966,3,trj_id1_ti3_1950_tf3_1966,1,0,0
OB,7967,7989,3,trj_id1_ti3_1967_tf3_1989,1,0,0
OB,7990,7998,3,trj_id1_ti3_1990_tf3_1998,1,0,0
OB,7999,8021,3,trj_id6_ti3_1999_tf3_2021,1,0,0
OB,8022,8055,3,trj_id4_ti3_2022_tf3_2055,1,0,0
OB,8056,8074,3,trj_id4_ti3_2056_tf3_2074,1,0,0
OB,8075,8111,3,trj_id4_ti3_2075_tf3_2111,1,0,0
OB,8112,8176,3,trj_id4_ti3_2112_tf3_2176,1,0,0
OB,8177,8180,3,trj_id1_ti3_2177_tf3_2180,1,0,0
OB,8181,8231,3,trj_id1_ti3_2181_tf3_2231,1,1,1
OB,8232,8242,3,trj_id1_ti3_2232_tf3_2242,1,0,0
OB,8243,8264,3,trj_id1_ti3_2243_tf3_2264,1,0,0
OB,8265,8267,3,trj_id1_ti3_2265_tf3_2267,1,1,1
OB,8268,8273,3,trj_id1_ti3_2268_tf3_2273,1,0,0
OB,8275,8286,3,trj_id1_ti3_2275_tf3_2286,1,0,0
OB,8287,8305,3,trj_id1_ti3_2287_tf3_2305,1,0,0
OB,8306,8614,3,trj_id1_ti3_2306_tf3_2614,1,1,1
OB,8615,8622,3,trj_id1_ti3_2615_tf3_2622,1,0,0
OB,8623,8630,3,trj_id1_ti3_2623_tf3_2630,1,1,1
OB,8631,8641,3,trj_id1_ti3_2631_tf3_2641,1,0,0
OB,8642,8802,3,trj_id2_ti3_2642_tf3_2802,1,1,1
OB,8803,8803,3,trj_id1_ti3_2803_tf3_2803,1,0,0
OB,8804,9000,3,trj_id2_ti3_2804_tf3_3000,1,1,1
OG,6001,6063,3,trj_id5_ti3_1_tf3_63,1,1,1
OG,6064,6136,3,trj_id4_ti3_64_tf3_136,1,0,0
OG,6137,6286,3,trj_id6_ti3_137_tf3_286,1,1,1
OG,6287,6289,3,trj_id5_ti3_287_tf3_289,1,0,0
OG,6290,6304,3,trj_id6_ti3_290_tf3_304,1,1,1
OG,6305,6307,3,trj_id5_ti3_305_tf3_307,1,0,0
OG,6308,6394,3,trj_id5_ti3_308_tf3_394,1,1,1
OG,6395,6416,3,trj_id2_ti3_395_tf3_416,1,0,0
OG,6417,6427,3,trj_id2_ti3_417_tf3_427,1,1,1
OG,6428,6429,3,trj_id2_ti3_428_tf3_429,1,0,0
OG,6430,6434,3,trj_id7_ti3_430_tf3_434,1,1,1
OG,6435,6437,3,trj_id7_ti3_435_tf3_437,1,0,0
OG,6438,6469,3,trj_id8_ti3_438_tf3_469,1,1,1
OG,6470,6478,3,trj_id7_ti3_470_tf3_478,1,0,0
OG,6479,6483,3,trj_id7_ti3_479_tf3_483,1,1,1
OG,6484,6491,3,trj_id7_ti3_484_tf3_491,1,0,0
OG,6492,6511,3,trj_id4_ti3_492_tf3_511,1,1,1
OG,6512,6514,3,trj_id2_ti3_512_tf3_514,1,0,0
OG,6515,6573,3,trj_id4_ti3_515_tf3_573,1,1,1
OG,6574,6585,3,trj_id2_ti3_574_tf3_585,1,0,0
OG,6586,6596,3,trj_id4_ti3_586_tf3_596,1,1,1
OG,6597,6606,3,trj_id4_ti3_597_tf3_606,1,0,0
OG,6607,6607,3,trj_id4_ti3_607_tf3_607,1,1,0
OG,6608,6612,3,trj_id4_ti3_608_tf3_612,1,0,0
OG,6613,6729,3,trj_id6_ti3_613_tf3_729,1,1,1
OG,6730,6731,3,trj_id6_ti3_730_tf3_731,1,0,0
OG,6732,6736,3,trj_id8_ti3_732_tf3_736,1,1,0
OG,6737,6739,3,trj_id6_ti3_737_tf3_739,1,0,0
OG,6740,6760,3,trj_id1_ti3_740_tf3_760,1,0,0
OG,6762,6765,3,trj_id1_ti3_762_tf3_765,1,0,0
OG,6766,6767,3,trj_id1_ti3_766_tf3_767,1,0,0
OG,6768,6768,3,trj_id8_ti3_768_tf3_768,1,1,1
OG,6769,6779,3,trj_id6_ti3_769_tf3_779,1,0,0
OG,6780,6782,3,trj_id9_ti3_780_tf3_782,1,1,0
OG,6783,6793,3,trj_id1_ti3_783_tf3_793,1,0,0
OG,6794,6798,3,trj_id1_ti3_794_tf3_798,1,0,0
OG,6799,6820,3,trj_id9_ti3_799_tf3_820,1,0,0
OG,6821,6839,3,trj_id4_ti3_821_tf3_839,1,1,1
OG,6840,6844,3,trj_id2_ti3_840_tf3_844,1,0,0
OG,6846,6858,3,trj_id2_ti3_846_tf3_858,1,0,0
OG,6859,6908,3,trj_id2_ti3_859_tf3_908,1,1,1
OG,6909,6927,3,trj_id2_ti3_909_tf3_927,1,0,0
OG,6928,6930,3,trj_id4_ti3_928_tf3_930,1,1,0
OG,6931,6933,3,trj_id4_ti3_931_tf3_933,1,0,0
OG,6934,7022,3,trj_id7_ti3_934_tf3_1022,1,1,1
OG,7023,7031,3,trj_id3_ti3_1023_tf3_1031,1,0,0
OG,7032,7114,3,trj_id3_ti3_1032_tf3_1114,1,1,1
OG,7115,7135,3,trj_id3_ti3_1115_tf3_1135,1,0,0
OG,7136,7150,3,trj_id3_ti3_1136_tf3_1150,1,0,0
OG,7151,7174,3,trj_id3_ti3_1151_tf3_1174,1,1,1
OG,7175,7177,3,trj_id1_ti3_1175_tf3_1177,1,0,0
OG,7178,7237,3,trj_id3_ti3_1178_tf3_1237,1,1,1
OG,7238,7254,3,trj_id1_ti3_1238_tf3_1254,1,0,0
OG,7255,7291,3,trj_id1_ti3_1255_tf3_1291,1,1,1
OG,7292,7301,3,trj_id1_ti3_1292_tf3_1301,1,0,0
OG,7302,7533,3,trj_id1_ti3_1302_tf3_1533,1,1,1
OG,7534,7535,3,trj_id1_ti3_1534_tf3_1535,1,0,0
OG,7536,8063,3,trj_id3_ti3_1536_tf3_2063,1,1,1
OG,8064,8066,3,trj_id3_ti3_2064_tf3_2066,1,0,0
OG,8067,8147,3,trj_id6_ti3_2067_tf3_2147,1,1,1
OG,8148,8149,3,trj_id1_ti3_2148_tf3_2149,1,0,0
OG,8150,8156,3,trj_id1_ti3_2150_tf3_2156,1,0,0
OG,8157,8176,3,trj_id1_ti3_2157_tf3_2176,1,1,1
OG,8177,8180,3,trj_id1_ti3_2177_tf3_2180,1,0,0
OG,8181,8554,3,trj_id4_ti3_2181_tf3_2554,1,1,1
OG,8555,8557,3,trj_id3_ti3_2555_tf3_2557,1,0,0
OG,8558,8598,3,trj_id3_ti3_2558_tf3_2598,1,1,1
OG,8599,8607,3,trj_id3_ti3_2599_tf3_2607,1,0,0
OG,8608,8614,3,trj_id3_ti3_2608_tf3_2614,1,1,1
OG,8615,8622,3,trj_id1_ti3_2615_tf3_2622,1,0,0
OG,8623,8726,3,trj_id3_ti3_2623_tf3_2726,1,1,1
OG,8727,8727,3,trj_id3_ti3_2727_tf3_2727,1,0,0
OG,8728,8728,3,trj_id1_ti3_2728_tf3_2728,1,0,0
OG,8730,8758,3,trj_id1_ti3_2730_tf3_2758,1,0,0
OG,8759,8802,3,trj_id1_ti3_2759_tf3_2802,1,1,1
OG,8803,8803,3,trj_id1_ti3_2803_tf3_2803,1,0,0
OG,8804,8837,3,trj_id1_ti3_2804_tf3_2837,1,1,1
OG,8838,8889,3,trj_id1_ti3_2838_tf3_2889,1,0,0
OG,8890,8909,3,trj_id5_ti3_2890_tf3_2909,1,1,1
OG,8910,8912,3,trj_id1_ti3_2910_tf3_2912,1,0,0
OG,8915,8916,3,trj_id1_ti3_2915_tf3_2916,1,0,0
OG,8917,8919,3,trj_id1_ti3_2917_tf3_2919,1,0,0
OG,8920,9000,3,trj_id6_ti3_2920_tf3_3000,1,1,1
OO,6001,6063,3,trj_id4_ti3_1_tf3_63,0,0,0
OO,6064,6136,3,trj_id4_ti3_64_tf3_136,0,0,0
OO,6137,6137,3,trj_id4_ti3_137_tf3_137,0,0,0
OO,6138,6164,3,trj_id2_ti3_138_tf3_164,0,0,0
OO,6165,6296,3,trj_id2_ti3_165_tf3_296,0,0,0
OO,6328,6394,3,trj_id2_ti3_328_tf3_394,0,0,0
OO,6395,6416,3,trj_id2_ti3_395_tf3_416,0,0,0
OO,6417,6442,3,trj_id5_ti3_417_tf3_442,0,0,0
OO,6443,6449,3,trj_id4_ti3_443_tf3_449,0,0,0
OO,6450,6483,3,trj_id4_ti3_450_tf3_483,0,0,0
OO,6484,6491,3,trj_id7_ti3_484_tf3_491,0,0,0
OO,6492,6507,3,trj_id7_ti3_492_tf3_507,0,0,0
OO,6508,6544,3,trj_id7_ti3_508_tf3_544,0,0,0
OO,6545,6568,3,trj_id2_ti3_545_tf3_568,0,0,0
OO,6569,6573,3,trj_id2_ti3_569_tf3_573,0,0,0
OO,6574,6585,3,trj_id2_ti3_574_tf3_585,0,0,0
OO,6586,6623,3,trj_id2_ti3_586_tf3_623,0,0,0
OO,6624,6791,3,trj_id7_ti3_624_tf3_791,0,0,0
OO,6793,6794,3,trj_id7_ti3_793_tf3_794,1,0,0
OO,6795,6848,3,trj_id7_ti3_795_tf3_848,1,1,1
OO,6849,6868,3,trj_id7_ti3_849_tf3_868,1,0,0
OO,6869,6930,3,trj_id9_ti3_869_tf3_930,1,1,1
OO,6931,6933,3,trj_id4_ti3_931_tf3_933,1,0,0
OO,6934,6953,3,trj_id4_ti3_934_tf3_953,1,1,1
OO,6954,7009,3,trj_id2_ti3_954_tf3_1009,1,0,0
OO,7010,7094,3,trj_id2_ti3_1010_tf3_1094,1,0,0
OO,7095,7112,3,trj_id2_ti3_1095_tf3_1112,1,0,0
OO,7113,7147,3,trj_id7_ti3_1113_tf3_1147,1,0,0
OO,7150,7226,3,trj_id4_ti3_1150_tf3_1226,0,0,0
OO,7227,7278,3,trj_id6_ti3_1227_tf3_1278,0,0,0
OO,7279,7291,3,trj_id4_ti3_1279_tf3_1291,0,0,0
OO,7292,7301,3,trj_id1_ti3_1292_tf3_1301,0,0,0
OO,7302,7352,3,trj_id4_ti3_1302_tf3_1352,0,0,0
OO,7353,7417,3,trj_id6_ti3_1353_tf3_1417,0,0,0
OO,7418,7420,3,trj_id5_ti3_1418_tf3_1420,0,0,0
OO,7421,7425,3,trj_id5_ti3_1421_tf3_1425,0,0,0
OO,7426,7465,3,trj_id5_ti3_1426_tf3_1465,0,1,0
OO,7466,7553,3,trj_id5_ti3_1466_tf3_1553,0,0,0
OO,7554,7635,3,trj_id5_ti3_1554_tf3_1635,0,1,0
OO,7636,7655,3,trj_id2_ti3_1636_tf3_1655,0,0,0
OO,7656,7667,3,trj_id2_ti3_1656_tf3_1667,0,0,0
OO,7668,7990,3,trj_id2_ti3_1668_tf3_1990,0,0,0
OO,8001,8006,3,trj_id2_ti3_2001_tf3_2006,0,0,0
OO,8037,8038,3,trj_id2_ti3_2037_tf3_2038,0,0,0
OO,8054,8200,3,trj_id2_ti3_2054_tf3_2200,0,0,0
OO,8201,8202,3,trj_id2_ti3_2201_tf3_2202,0,0,0
OO,8206,8208,3,trj_id2_ti3_2206_tf3_2208,0,0,0
OO,8212,8221,3,trj_id2_ti3_2212_tf3_2221,0,0,0
OO,8222,8242,3,trj_id3_ti3_2222_tf3_2242,0,0,0
OO,8243,8264,3,trj_id1_ti3_2243_tf3_2264,0,0,0
OO,8265,8267,3,trj_id2_ti3_2265_tf3_2267,0,0,0
OO,8268,8273,3,trj_id1_ti3_2268_tf3_2273,0,0,0
OO,8275,8286,3,trj_id1_ti3_2275_tf3_2286,0,0,0
OO,8287,8305,3,trj_id1_ti3_2287_tf3_2305,0,0,0
OO,8306,8554,3,trj_id3_ti3_2306_tf3_2554,0,0,0
OO,8555,8557,3,trj_id3_ti3_2555_tf3_2557,0,0,0
OO,8558,8559,3,trj_id4_ti3_2558_tf3_2559,0,0,0
OO,8560,8564,3,trj_id2_ti3_2560_tf3_2564,0,0,0
OO,8565,8573,3,trj_id2_ti3_2565_tf3_2573,0,0,0
OO,8574,8578,3,trj_id2_ti3_2574_tf3_2578,0,0,0
OO,8579,8607,3,trj_id2_ti3_2579_tf3_2607,0,0,0
OO,8608,8630,3,trj_id2_ti3_2608_tf3_2630,0,0,0
OO,8631,8641,3,trj_id1_ti3_2631_tf3_2641,0,0,0
OO,8642,8726,3,trj_id1_ti3_2642_tf3_2726,0,0,0
OO,8728,8728,3,trj_id1_ti3_2728_tf3_2728,0,0,0
OO,8730,8758,3,trj_id1_ti3_2730_tf3_2758,0,0,0
OO,8759,8853,3,trj_id3_ti3_2759_tf3_2853,0,0,0
OO,8854,8862,3,trj_id3_ti3_2854_tf3_2862,0,0,0
OO,8863,8869,3,trj_id3_ti3_2863_tf3_2869,0,0,0
OO,8870,8870,3,trj_id5_ti3_2870_tf3_2870,0,0,0
OO,8871,8871,3,trj_id3_ti3_2871_tf3_2871,0,0,0
OO,8872,8872,3,trj_id5_ti3_2872_tf3_2872,0,0,0
OO,8873,8876,3,trj_id3_ti3_2873_tf3_2876,0,0,0
OO,8877,8882,3,trj_id5_ti3_2877_tf3_2882,0,0,0
OO,8883,9000,3,trj_id3_ti3_2883_tf3_3000,0,0,0
OP,6001,6038,3,trj_id3_ti3_1_tf3_38,1,0,0
OP,6039,6060,3,trj_id6_ti3_39_tf3_60,1,0,0
OP,6061,6061,3,trj_id6_ti3_61_tf3_61,1,0,0
OP,6062,6069,3,trj_id6_ti3_62_tf3_69,1,0,0
OP,6070,6127,3,trj_id5_ti3_70_tf3_127,1,0,0
OP,6128,6286,3,trj_id5_ti3_128_tf3_286,1,0,0
OP,6287,6289,3,trj_id5_ti3_287_tf3_289,1,0,0
OP,6290,6304,3,trj_id5_ti3_290_tf3_304,1,0,0
OP,6305,6307,3,trj_id5_ti3_305_tf3_307,1,0,0
OP,6308,6325,3,trj_id6_ti3_308_tf3_325,1,0,0
OP,6326,6424,3,trj_id4_ti3_326_tf3_424,1,0,0
OP,6425,6483,3,trj_id6_ti3_425_tf3_483,1,0,0
OP,6484,6504,3,trj_id6_ti3_484_tf3_504,1,0,0
OP,6505,6565,3,trj_id6_ti3_505_tf3_565,1,0,0
OP,6566,6683,3,trj_id1_ti3_566_tf3_683,1,0,0
OP,6684,6723,3,trj_id1_ti3_684_tf3_723,1,0,0
OP,6725,6725,3,trj_id1_ti3_725_tf3_725,0,0,0
OP,6740,6760,3,trj_id1_ti3_740_tf3_760,1,0,0
OP,6762,6765,3,trj_id1_ti3_762_tf3_765,1,0,0
OP,6766,6767,3,trj_id1_ti3_766_tf3_767,1,0,0
OP,6768,6769,3,trj_id1_ti3_768_tf3_769,1,0,0
OP,6770,6793,3,trj_id8_ti3_770_tf3_793,1,0,0
OP,6794,6798,3,trj_id1_ti3_794_tf3_798,1,0,0
OP,6799,6820,3,trj_id9_ti3_799_tf3_820,1,0,0
OP,6821,6992,3,trj_id5_ti3_821_tf3_992,1,0,0
OP,6993,7075,3,trj_id4_ti3_993_tf3_1075,1,0,0
OP,7076,7079,3,trj_id4_ti3_1076_tf3_1079,1,0,0
OP,7080,7085,3,trj_id4_ti3_1080_tf3_1085,1,0,0
OP,7086,7101,3,trj_id4_ti3_1086_tf3_1101,1,0,0
OP,7102,7114,3,trj_id4_ti3_1102_tf3_1114,1,0,0
OP,7115,7135,3,trj_id3_ti3_1115_tf3_1135,1,0,0
OP,7136,7150,3,trj_id3_ti3_1136_tf3_1150,1,0,0
OP,7151,7217,3,trj_id6_ti3_1151_tf3_1217,1,0,0
OP,7218,7233,3,trj_id2_ti3_1218_tf3_1233,1,0,0
OP,7237,7237,3,trj_id2_ti3_1237_tf3_1237,1,0,0
OP,7238,7253,3,trj_id2_ti3_1238_tf3_1253,1,0,0
OP,7254,7275,3,trj_id2_ti3_1254_tf3_1275,1,0,0
OP,7276,7296,3,trj_id2_ti3_1276_tf3_1296,1,0,0
OP,7297,7298,3,trj_id2_ti3_1297_tf3_1298,1,0,0
OP,7299,7300,3,trj_id2_ti3_1299_tf3_1300,1,0,0
OP,7301,7302,3,trj_id2_ti3_1301_tf3_1302,1,0,0
OP,7303,7305,3,trj_id2_ti3_1303_tf3_1305,1,0,0
OP,7306,7309,3,trj_id2_ti3_1306_tf3_1309,1,0,0
OP,7310,7317,3,trj_id2_ti3_1310_tf3_1317,1,0,0
OP,7318,7324,3,trj_id2_ti3_1318_tf3_1324,1,0,0
OP,7325,7349,3,trj_id2_ti3_1325_tf3_1349,1,0,0
OP,7350,7586,3,trj_id2_ti3_1350_tf3_1586,1,0,0
OP,7587,7732,3,trj_id1_ti3_1587_tf3_1732,1,0,0
OP,7733,7738,3,trj_id1_ti3_1733_tf3_1738,1,0,0
OP,7739,7743,3,trj_id1_ti3_1739_tf3_1743,1,0,0
OP,7744,7769,3,trj_id1_ti3_1744_tf3_1769,1,0,0
OP,7770,7775,3,trj_id1_ti3_1770_tf3_1775,1,0,0
OP,7776,7830,3,trj_id1_ti3_1776_tf3_1830,1,0,0
OP,7831,7857,3,trj_id5_ti3_1831_tf3_1857,1,0,0
OP,7858,7875,3,trj_id4_ti3_1858_tf3_1875,1,1,1
OP,7876,7893,3,trj_id4_ti3_1876_tf3_1893,1,0,0
OP,7894,7920,3,trj_id4_ti3_1894_tf3_1920,1,1,1
OP,7921,7949,3,trj_id4_ti3_1921_tf3_1949,1,0,0
OP,7950,7989,3,trj_id4_ti3_1950_tf3_1989,1,1,1
OP,7990,7998,3,trj_id1_ti3_1990_tf3_1998,1,0,0
OP,7999,8024,3,trj_id1_ti3_1999_tf3_2024,1,0,0
OP,8025,8046,3,trj_id1_ti3_2025_tf3_2046,1,0,0
OP,8047,8147,3,trj_id1_ti3_2047_tf3_2147,1,1,1
OP,8148,8149,3,trj_id1_ti3_2148_tf3_2149,1,0,0
OP,8150,8156,3,trj_id1_ti3_2150_tf3_2156,1,0,0
OP,8157,8160,3,trj_id3_ti3_2157_tf3_2160,1,0,0
OP,8161,8200,3,trj_id6_ti3_2161_tf3_2200,1,1,1
OP,8201,8202,3,trj_id2_ti3_2201_tf3_2202,1,0,0
OP,8206,8208,3,trj_id2_ti3_2206_tf3_2208,1,0,0
OP,8212,8221,3,trj_id2_ti3_2212_tf3_2221,0,0,0
OP,8222,8242,3,trj_id3_ti3_2222_tf3_2242,0,0,0
OP,8243,8264,3,trj_id1_ti3_2243_tf3_2264,0,0,0
OP,8265,8267,3,trj_id2_ti3_2265_tf3_2267,0,0,0
OP,8268,8273,3,trj_id1_ti3_2268_tf3_2273,0,0,0
OP,8275,8286,3,trj_id1_ti3_2275_tf3_2286,0,0,0
OP,8287,8305,3,trj_id1_ti3_2287_tf3_2305,0,0,0
OP,8306,8554,3,trj_id3_ti3_2306_tf3_2554,0,0,0
OP,8555,8557,3,trj_id3_ti3_2555_tf3_2557,0,0,0
OP,8558,8559,3,trj_id4_ti3_2558_tf3_2559,0,0,0
OP,8560,8564,3,trj_id2_ti3_2560_tf3_2564,0,0,0
OP,8565,8573,3,trj_id2_ti3_2565_tf3_2573,0,0,0
OP,8574,8578,3,trj_id2_ti3_2574_tf3_2578,0,0,0
OP,8579,8607,3,trj_id2_ti3_2579_tf3_2607,0,0,0
OP,8608,8630,3,trj_id2_ti3_2608_tf3_2630,0,0,0
OP,8631,8641,3,trj_id1_ti3_2631_tf3_2641,0,0,0
OP,8642,8726,3,trj_id1_ti3_2642_tf3_2726,0,0,0
OP,8728,8728,3,trj_id1_ti3_2728_tf3_2728,1,0,0
OP,8730,8758,3,trj_id1_ti3_2730_tf3_2758,1,0,0
OP,8759,8853,3,trj_id3_ti3_2759_tf3_2853,1,0,0
OP,8854,8862,3,trj_id3_ti3_2854_tf3_2862,1,0,0
OP,8863,8869,3,trj_id3_ti3_2863_tf3_2869,1,0,0
OP,8870,8870,3,trj_id3_ti3_2870_tf3_2870,1,1,1
OP,8871,8871,3,trj_id3_ti3_2871_tf3_2871,1,0,0
OP,8872,8872,3,trj_id3_ti3_2872_tf3_2872,1,1,1
OP,8873,8876,3,trj_id3_ti3_2873_tf3_2876,1,0,0
OP,8877,8882,3,trj_id3_ti3_2877_tf3_2882,1,1,1
OP,8883,9000,3,trj_id3_ti3_2883_tf3_3000,1,0,0
PB,6001,6038,3,trj_id3_ti3_1_tf3_38,0,0,0
PB,6039,6060,3,trj_id6_ti3_39_tf3_60,0,0,0
PB,6061,6061,3,trj_id6_ti3_61_tf3_61,0,0,0
PB,6062,6069,3,trj_id6_ti3_62_tf3_69,0,0,0
PB,6070,6127,3,trj_id5_ti3_70_tf3_127,0,0,0
PB,6128,6286,3,trj_id5_ti3_128_tf3_286,0,0,0
PB,6287,6289,3,trj_id5_ti3_287_tf3_289,0,0,0
PB,6290,6304,3,trj_id5_ti3_290_tf3_304,0,0,0
PB,6305,6307,3,trj_id5_ti3_305_tf3_307,0,0,0
PB,6308,6325,3,trj_id6_ti3_308_tf3_325,0,0,0
PB,6326,6424,3,trj_id4_ti3_326_tf3_424,0,0,0
PB,6425,6483,3,trj_id6_ti3_425_tf3_483,0,0,0
PB,6484,6504,3,trj_id6_ti3_484_tf3_504,0,0,0
PB,6505,6565,3,trj_id6_ti3_505_tf3_565,0,0,0
PB,6566,6683,3,trj_id1_ti3_566_tf3_683,0,0,0
PB,6684,6723,3,trj_id1_ti3_684_tf3_723,0,0,0
PB,6725,6725,3,trj_id1_ti3_725_tf3_725,0,0,0
PB,6740,6760,3,trj_id1_ti3_740_tf3_760,0,0,0
PB,6762,6765,3,trj_id1_ti3_762_tf3_765,0,0,0
PB,6766,6767,3,trj_id1_ti3_766_tf3_767,0,0,0
PB,6768,6769,3,trj_id1_ti3_768_tf3_769,0,0,0
PB,6770,6793,3,trj_id8_ti3_770_tf3_793,0,0,0
PB,6794,6798,3,trj_id1_ti3_794_tf3_798,0,0,0
PB,6799,6820,3,trj_id9_ti3_799_tf3_820,0,0,0
PB,6821,6992,3,trj_id5_ti3_821_tf3_992,0,0,0
PB,6993,7075,3,trj_id4_ti3_993_tf3_1075,0,0,0
PB,7076,7079,3,trj_id4_ti3_1076_tf3_1079,0,0,0
PB,7080,7085,3,trj_id4_ti3_1080_tf3_1085,0,0,0
PB,7086,7101,3,trj_id4_ti3_1086_tf3_1101,0,0,0
PB,7102,7114,3,trj_id4_ti3_1102_tf3_1114,0,0,0
PB,7115,7135,3,trj_id3_ti3_1115_tf3_1135,0,0,0
PB,7136,7150,3,trj_id3_ti3_1136_tf3_1150,0,0,0
PB,7151,7217,3,trj_id6_ti3_1151_tf3_1217,0,0,0
PB,7218,7233,3,trj_id2_ti3_1218_tf3_1233,0,0,0
PB,7237,7237,3,trj_id2_ti3_1237_tf3_1237,0,0,0
PB,7238,7253,3,trj_id2_ti3_1238_tf3_1253,0,0,0
PB,7254,7275,3,trj_id2_ti3_1254_tf3_1275,0,0,0
PB,7276,7296,3,trj_id2_ti3_1276_tf3_1296,0,0,0
PB,7297,7298,3,trj_id2_ti3_1297_tf3_1298,0,0,0
PB,7299,7300,3,trj_id2_ti3_1299_tf3_1300,0,0,0
PB,7301,7302,3,trj_id2_ti3_1301_tf3_1302,0,0,0
PB,7303,7305,3,trj_id2_ti3_1303_tf3_1305,0,0,0
PB,7306,7309,3,trj_id2_ti3_1306_tf3_1309,0,0,0
PB,7310,7317,3,trj_id2_ti3_1310_tf3_1317,0,0,0
PB,7318,7324,3,trj_id2_ti3_1318_tf3_1324,0,0,0
PB,7325,7349,3,trj_id2_ti3_1325_tf3_1349,0,0,0
PB,7350,7586,3,trj_id2_ti3_1350_tf3_1586,0,0,0
PB,7587,7732,3,trj_id1_ti3_1587_tf3_1732,0,0,0
PB,7733,7738,3,trj_id1_ti3_1733_tf3_1738,0,0,0
PB,7739,7743,3,trj_id1_ti3_1739_tf3_1743,0,0,0
PB,7744,7769,3,trj_id1_ti3_1744_tf3_1769,0,0,0
PB,7770,7775,3,trj_id1_ti3_1770_tf3_1775,0,0,0
PB,7776,7830,3,trj_id1_ti3_1776_tf3_1830,0,0,0
PB,7831,7857,3,trj_id5_ti3_1831_tf3_1857,0,0,0
PB,7858,7895,3,trj_id5_ti3_1858_tf3_1895,0,0,0
PB,7896,7923,3,trj_id5_ti3_1896_tf3_1923,0,0,0
PB,7924,7925,3,trj_id5_ti3_1924_tf3_1925,0,0,0
PB,7926,7926,3,trj_id6_ti3_1926_tf3_1926,0,0,0
PB,7927,7942,3,trj_id6_ti3_1927_tf3_1942,0,0,0
PB,7943,7946,3,trj_id6_ti3_1943_tf3_1946,0,0,0
PB,7988,8003,3,trj_id5_ti3_1988_tf3_2003,0,0,0
PB,8004,8021,3,trj_id4_ti3_2004_tf3_2021,0,0,0
PB,8022,8055,3,trj_id4_ti3_2022_tf3_2055,0,0,0
PB,8056,8074,3,trj_id4_ti3_2056_tf3_2074,0,0,0
PB,8075,8111,3,trj_id4_ti3_2075_tf3_2111,0,0,0
PB,8112,8121,3,trj_id7_ti3_2112_tf3_2121,0,0,0
PB,8122,8203,3,trj_id7_ti3_2122_tf3_2203,0,0,0
PB,8204,8521,3,trj_id5_ti3_2204_tf3_2521,0,0,0
PB,8522,8669,3,trj_id6_ti3_2522_tf3_2669,0,0,0
PB,8670,8837,3,trj_id4_ti3_2670_tf3_2837,0,0,0
PB,8838,8889,3,trj_id1_ti3_2838_tf3_2889,0,0,0
PB,8890,8909,3,trj_id1_ti3_2890_tf3_2909,0,0,0
PB,8910,8912,3,trj_id1_ti3_2910_tf3_2912,0,0,0
PB,8915,8916,3,trj_id1_ti3_2915_tf3_2916,0,0,0
PB,8965,8968,3,trj_id1_ti3_2965_tf3_2968,0,0,0
PB,8969,8974,3,trj_id1_ti3_2969_tf3_2974,0,0,0
PB,8975,8990,3,trj_id1_ti3_2975_tf3_2990,0,0,0
PB,8991,8997,3,trj_id1_ti3_2991_tf3_2997,0,0,0
PB,8998,9000,3,trj_id1_ti3_2998_tf3_3000,0,0,0
PG,6001,6038,3,trj_id3_ti3_1_tf3_38,1,0,0
PG,6039,6060,3,trj_id6_ti3_39_tf3_60,1,0,0
PG,6061,6061,3,trj_id6_ti3_61_tf3_61,1,0,0
PG,6062,6069,3,trj_id6_ti3_62_tf3_69,1,0,0
PG,6070,6127,3,trj_id5_ti3_70_tf3_127,1,0,0
PG,6128,6286,3,trj_id5_ti3_128_tf3_286,1,0,0
PG,6287,6289,3,trj_id5_ti3_287_tf3_289,1,0,0
PG,6290,6304,3,trj_id5_ti3_290_tf3_304,1,0,0
PG,6305,6307,3,trj_id5_ti3_305_tf3_307,1,0,0
PG,6308,6325,3,trj_id6_ti3_308_tf3_325,1,0,0
PG,6326,6424,3,trj_id4_ti3_326_tf3_424,1,0,0
PG,6425,6483,3,trj_id6_ti3_425_tf3_483,1,0,0
PG,6484,6504,3,trj_id6_ti3_484_tf3_504,1,0,0
PG,6505,6565,3,trj_id6_ti3_505_tf3_565,1,0,0
PG,6566,6683,3,trj_id1_ti3_566_tf3_683,1,0,0
PG,6684,6723,3,trj_id1_ti3_684_tf3_723,1,0,0
PG,6725,6725,3,trj_id1_ti3_725_tf3_725,0,0,0
PG,6740,6760,3,trj_id1_ti3_740_tf3_760,0,0,0
PG,6762,6765,3,trj_id1_ti3_762_tf3_765,0,0,0
PG,6766,6767,3,trj_id1_ti3_766_tf3_767,0,0,0
PG,6768,6769,3,trj_id1_ti3_768_tf3_769,0,0,0
PG,6770,6793,3,trj_id8_ti3_770_tf3_793,0,0,0
PG,6794,6798,3,trj_id1_ti3_794_tf3_798,0,0,0
PG,6799,6820,3,trj_id9_ti3_799_tf3_820,0,0,0
PG,6821,6992,3,trj_id5_ti3_821_tf3_992,0,0,0
PG,6993,7075,3,trj_id4_ti3_993_tf3_1075,0,0,0
PG,7076,7079,3,trj_id4_ti3_1076_tf3_1079,0,0,0
PG,7080,7085,3,trj_id4_ti3_1080_tf3_1085,0,0,0
PG,7086,7101,3,trj_id4_ti3_1086_tf3_1101,0,0,0
PG,7102,7114,3,trj_id4_ti3_1102_tf3_1114,0,0,0
PG,7115,7135,3,trj_id3_ti3_1115_tf3_1135,0,0,0
PG,7136,7150,3,trj_id3_ti3_1136_tf3_1150,0,0,0
PG,7151,7217,3,trj_id6_ti3_1151_tf3_1217,0,0,0
PG,7218,7233,3,trj_id2_ti3_1218_tf3_1233,0,0,0
PG,7237,7237,3,trj_id2_ti3_1237_tf3_1237,0,0,0
PG,7238,7253,3,trj_id2_ti3_1238_tf3_1253,0,0,0
PG,7254,7275,3,trj_id2_ti3_1254_tf3_1275,0,0,0
PG,7276,7296,3,trj_id2_ti3_1276_tf3_1296,0,0,0
PG,7297,7298,3,trj_id2_ti3_1297_tf3_1298,0,0,0
PG,7299,7300,3,trj_id2_ti3_1299_tf3_1300,0,0,0
PG,7301,7302,3,trj_id2_ti3_1301_tf3_1302,0,0,0
PG,7303,7305,3,trj_id2_ti3_1303_tf3_1305,0,0,0
PG,7306,7309,3,trj_id2_ti3_1306_tf3_1309,0,0,0
PG,7310,7317,3,trj_id2_ti3_1310_tf3_1317,0,0,0
PG,7318,7324,3,trj_id2_ti3_1318_tf3_1324,0,0,0
PG,7325,7349,3,trj_id2_ti3_1325_tf3_1349,0,0,0
PG,7350,7586,3,trj_id2_ti3_1350_tf3_1586,0,0,0
PG,7587,7732,3,trj_id1_ti3_1587_tf3_1732,0,0,0
PG,7733,7738,3,trj_id1_ti3_1733_tf3_1738,0,0,0
PG,7739,7743,3,trj_id1_ti3_1739_tf3_1743,0,0,0
PG,7744,7769,3,trj_id1_ti3_1744_tf3_1769,0,0,0
PG,7770,7775,3,trj_id1_ti3_1770_tf3_1775,0,0,0
PG,7776,7830,3,trj_id1_ti3_1776_tf3_1830,0,0,0
PG,7831,7857,3,trj_id5_ti3_1831_tf3_1857,0,0,0
PG,7858,7895,3,trj_id5_ti3_1858_tf3_1895,0,0,0
PG,7896,7923,3,trj_id5_ti3_1896_tf3_1923,0,0,0
PG,7924,7925,3,trj_id5_ti3_1924_tf3_1925,0,0,0
PG,7926,7926,3,trj_id6_ti3_1926_tf3_1926,0,0,0
PG,7927,7942,3,trj_id6_ti3_1927_tf3_1942,0,0,0
PG,7943,7946,3,trj_id6_ti3_1943_tf3_1946,0,0,0
PG,7988,8003,3,trj_id5_ti3_1988_tf3_2003,0,0,0
PG,8004,8021,3,trj_id4_ti3_2004_tf3_2021,0,0,0
PG,8022,8055,3,trj_id4_ti3_2022_tf3_2055,0,0,0
PG,8056,8074,3,trj_id4_ti3_2056_tf3_2074,0,0,0
PG,8075,8111,3,trj_id4_ti3_2075_tf3_2111,0,0,0
PG,8112,8121,3,trj_id7_ti3_2112_tf3_2121,0,0,0
PG,8122,8203,3,trj_id7_ti3_2122_tf3_2203,0,0,0
PG,8204,8521,3,trj_id5_ti3_2204_tf3_2521,0,0,0
PG,8522,8669,3,trj_id6_ti3_2522_tf3_2669,0,0,0
PG,8670,8837,3,trj_id4_ti3_2670_tf3_2837,0,0,0
PG,8838,8889,3,trj_id1_ti3_2838_tf3_2889,0,0,0
PG,8890,8909,3,trj_id1_ti3_2890_tf3_2909,0,0,0
PG,8910,8912,3,trj_id1_ti3_2910_tf3_2912,0,0,0
PG,8915,8916,3,trj_id1_ti3_2915_tf3_2916,0,0,0
PG,8965,8968,3,trj_id1_ti3_2965_tf3_2968,1,0,0
PG,8969,8974,3,trj_id1_ti3_2969_tf3_2974,1,0,0
PG,8975,8990,3,trj_id1_ti3_2975_tf3_2990,1,0,0
PG,8991,8997,3,trj_id1_ti3_2991_tf3_2997,1,0,0
PG,8998,9000,3,trj_id1_ti3_2998_tf3_3000,1,0,0
PO,6001,6038,3,trj_id3_ti3_1_tf3_38,0,0,0
PO,6039,6060,3,trj_id6_ti3_39_tf3_60,0,0,0
PO,6061,6061,3,trj_id6_ti3_61_tf3_61,0,0,0
PO,6062,6069,3,trj_id6_ti3_62_tf3_69,0,0,0
PO,6070,6127,3,trj_id5_ti3_70_tf3_127,0,0,0
PO,6128,6286,3,trj_id5_ti3_128_tf3_286,0,0,0
PO,6287,6289,3,trj_id5_ti3_287_tf3_289,0,0,0
PO,6290,6304,3,trj_id5_ti3_290_tf3_304,0,0,0
PO,6305,6307,3,trj_id5_ti3_305_tf3_307,0,0,0
PO,6308,6325,3,trj_id6_ti3_308_tf3_325,0,0,0
PO,6326,6424,3,trj_id4_ti3_326_tf3_424,0,0,0
PO,6425,6483,3,trj_id6_ti3_425_tf3_483,0,0,0
PO,6484,6504,3,trj_id6_ti3_484_tf3_504,0,0,0
PO,6505,6565,3,trj_id6_ti3_505_tf3_565,0,0,0
PO,6566,6683,3,trj_id1_ti3_566_tf3_683,0,0,0
PO,6684,6723,3,trj_id1_ti3_684_tf3_723,0,0,0
PO,6725,6725,3,trj_id1_ti3_725_tf3_725,0,0,0
PO,6740,6760,3,trj_id1_ti3_740_tf3_760,0,0,0
PO,6762,6765,3,trj_id1_ti3_762_tf3_765,0,0,0
PO,6766,6767,3,trj_id1_ti3_766_tf3_767,0,0,0
PO,6768,6769,3,trj_id1_ti3_768_tf3_769,0,0,0
PO,6770,6793,3,trj_id8_ti3_770_tf3_793,0,0,0
PO,6794,6798,3,trj_id1_ti3_794_tf3_798,0,0,0
PO,6799,6820,3,trj_id9_ti3_799_tf3_820,0,0,0
PO,6821,6992,3,trj_id5_ti3_821_tf3_992,0,0,0
PO,6993,7075,3,trj_id4_ti3_993_tf3_1075,0,0,0
PO,7076,7079,3,trj_id4_ti3_1076_tf3_1079,0,0,0
PO,7080,7085,3,trj_id4_ti3_1080_tf3_1085,0,0,0
PO,7086,7101,3,trj_id4_ti3_1086_tf3_1101,0,0,0
PO,7102,7114,3,trj_id4_ti3_1102_tf3_1114,0,0,0
PO,7115,7135,3,trj_id3_ti3_1115_tf3_1135,0,0,0
PO,7136,7150,3,trj_id3_ti3_1136_tf3_1150,0,0,0
PO,7151,7217,3,trj_id6_ti3_1151_tf3_1217,0,0,0
PO,7218,7233,3,trj_id2_ti3_1218_tf3_1233,0,0,0
PO,7237,7237,3,trj_id2_ti3_1237_tf3_1237,0,0,0
PO,7238,7253,3,trj_id2_ti3_1238_tf3_1253,0,0,0
PO,7254,7275,3,trj_id2_ti3_1254_tf3_1275,0,0,0
PO,7276,7296,3,trj_id2_ti3_1276_tf3_1296,0,0,0
PO,7297,7298,3,trj_id2_ti3_1297_tf3_1298,0,0,0
PO,7299,7300,3,trj_id2_ti3_1299_tf3_1300,0,0,0
PO,7301,7302,3,trj_id2_ti3_1301_tf3_1302,0,0,0
PO,7303,7305,3,trj_id2_ti3_1303_tf3_1305,0,0,0
PO,7306,7309,3,trj_id2_ti3_1306_tf3_1309,0,0,0
PO,7310,7317,3,trj_id2_ti3_1310_tf3_1317,0,0,0
PO,7318,7324,3,trj_id2_ti3_1318_tf3_1324,0,0,0
PO,7325,7349,3,trj_id2_ti3_1325_tf3_1349,0,0,0
PO,7350,7586,3,trj_id2_ti3_1350_tf3_1586,0,0,0
PO,7587,7732,3,trj_id1_ti3_1587_tf3_1732,0,0,0
PO,7733,7738,3,trj_id1_ti3_1733_tf3_1738,0,0,0
PO,7739,7743,3,trj_id1_ti3_1739_tf3_1743,0,0,0
PO,7744,7769,3,trj_id1_ti3_1744_tf3_1769,0,0,0
PO,7770,7775,3,trj_id1_ti3_1770_tf3_1775,0,0,0
PO,7776,7830,3,trj_id1_ti3_1776_tf3_1830,0,0,0
PO,7831,7857,3,trj_id5_ti3_1831_tf3_1857,0,0,0
PO,7858,7895,3,trj_id5_ti3_1858_tf3_1895,0,0,0
PO,7896,7923,3,trj_id5_ti3_1896_tf3_1923,0,0,0
PO,7924,7925,3,trj_id5_ti3_1924_tf3_1925,0,0,0
PO,7926,7926,3,trj_id6_ti3_1926_tf3_1926,0,0,0
PO,7927,7942,3,trj_id6_ti3_1927_tf3_1942,0,0,0
PO,7943,7946,3,trj_id6_ti3_1943_tf3_1946,0,0,0
PO,7988,8003,3,trj_id5_ti3_1988_tf3_2003,0,0,0
PO,8004,8021,3,trj_id4_ti3_2004_tf3_2021,0,0,0
PO,8022,8055,3,trj_id4_ti3_2022_tf3_2055,0,0,0
PO,8056,8074,3,trj_id4_ti3_2056_tf3_2074,0,0,0
PO,8075,8111,3,trj_id4_ti3_2075_tf3_2111,0,0,0
PO,8112,8121,3,trj_id7_ti3_2112_tf3_2121,0,0,0
PO,8122,8203,3,trj_id7_ti3_2122_tf3_2203,0,0,0
PO,8204,8521,3,trj_id5_ti3_2204_tf3_2521,0,0,0
PO,8522,8669,3,trj_id6_ti3_2522_tf3_2669,0,0,0
PO,8670,8837,3,trj_id4_ti3_2670_tf3_2837,0,0,0
PO,8838,8889,3,trj_id1_ti3_2838_tf3_2889,0,0,0
PO,8890,8909,3,trj_id1_ti3_2890_tf3_2909,0,0,0
PO,8910,8912,3,trj_id1_ti3_2910_tf3_2912,0,0,0
PO,8915,8916,3,trj_id1_ti3_2915_tf3_2916,0,0,0
PO,8965,8968,3,trj_id1_ti3_2965_tf3_2968,0,0,0
PO,8969,8974,3,trj_id1_ti3_2969_tf3_2974,0,0,0
PO,8975,8990,3,trj_id1_ti3_2975_tf3_2990,0,0,0
PO,8991,8997,3,trj_id1_ti3_2991_tf3_2997,0,0,0
PO,8998,9000,3,trj_id1_ti3_2998_tf3_3000,0,0,0
PP,6001,6038,3,trj_id3_ti3_1_tf3_38,1,0,0
PP,6039,6102,3,trj_id3_ti3_39_tf3_102,1,1,1
PP,6103,6104,3,trj_id3_ti3_103_tf3_104,1,0,0
PP,6105,6127,3,trj_id6_ti3_105_tf3_127,1,1,1
PP,6128,6286,3,trj_id5_ti3_128_tf3_286,1,0,0
PP,6287,6289,3,trj_id5_ti3_287_tf3_289,1,0,0
PP,6290,6304,3,trj_id5_ti3_290_tf3_304,1,0,0
PP,6305,6307,3,trj_id5_ti3_305_tf3_307,1,0,0
PP,6308,6325,3,trj_id6_ti3_308_tf3_325,1,0,0
PP,6326,6424,3,trj_id4_ti3_326_tf3_424,1,0,0
PP,6425,6429,3,trj_id4_ti3_425_tf3_429,1,0,0
PP,6430,6435,3,trj_id3_ti3_430_tf3_435,1,1,1
PP,6436,6437,3,trj_id2_ti3_436_tf3_437,1,0,0
PP,6438,6488,3,trj_id3_ti3_438_tf3_488,1,1,1
PP,6489,6501,3,trj_id3_ti3_489_tf3_501,1,0,0
PP,6502,6504,3,trj_id9_ti3_502_tf3_504,1,1,1
PP,6505,6565,3,trj_id6_ti3_505_tf3_565,1,0,0
PP,6566,6683,3,trj_id1_ti3_566_tf3_683,1,0,0
PP,6684,6729,3,trj_id8_ti3_684_tf3_729,1,1,1
PP,6730,6731,3,trj_id6_ti3_730_tf3_731,1,0,0
PP,6732,6736,3,trj_id6_ti3_732_tf3_736,1,1,1
PP,6737,6739,3,trj_id6_ti3_737_tf3_739,1,0,0
PP,6740,6760,3,trj_id1_ti3_740_tf3_760,1,0,0
PP,6762,6765,3,trj_id1_ti3_762_tf3_765,1,0,0
PP,6766,6768,3,trj_id6_ti3_766_tf3_768,1,1,1
PP,6769,6779,3,trj_id6_ti3_769_tf3_779,1,0,0
PP,6780,6817,3,trj_id6_ti3_780_tf3_817,1,1,1
PP,6818,6827,3,trj_id3_ti3_818_tf3_827,1,0,0
PP,6828,6834,3,trj_id2_ti3_828_tf3_834,1,0,0
PP,6836,6839,3,trj_id2_ti3_836_tf3_839,1,0,0
PP,6840,6844,3,trj_id2_ti3_840_tf3_844,1,0,0
PP,6846,6858,3,trj_id2_ti3_846_tf3_858,1,0,0
PP,6859,7009,3,trj_id8_ti3_859_tf3_1009,1,1,1
PP,7010,7094,3,trj_id2_ti3_1010_tf3_1094,1,0,0
PP,7095,7112,3,trj_id2_ti3_1095_tf3_1112,1,0,0
PP,7113,7147,3,trj_id7_ti3_1113_tf3_1147,1,0,0
PP,7150,7226,3,trj_id4_ti3_1150_tf3_1226,1,0,0
PP,7227,7278,3,trj_id4_ti3_1227_tf3_1278,1,1,1
PP,7279,7291,3,trj_id4_ti3_1279_tf3_1291,1,0,0
PP,7292,7301,3,trj_id1_ti3_1292_tf3_1301,1,0,0
PP,7302,7352,3,trj_id4_ti3_1302_tf3_1352,1,0,0
PP,7353,7382,3,trj_id4_ti3_1353_tf3_1382,1,1,1
PP,7383,7408,3,trj_id3_ti3_1383_tf3_1408,1,0,0
PP,7409,7533,3,trj_id3_ti3_1409_tf3_1533,1,1,1
PP,7534,7535,3,trj_id1_ti3_1534_tf3_1535,1,0,0
PP,7536,7586,3,trj_id1_ti3_1536_tf3_1586,1,1,1
PP,7587,7732,3,trj_id1_ti3_1587_tf3_1732,1,0,0
PP,7733,7738,3,trj_id1_ti3_1733_tf3_1738,1,0,0
PP,7739,7743,3,trj_id1_ti3_1739_tf3_1743,1,0,0
PP,7744,7769,3,trj_id1_ti3_1744_tf3_1769,1,0,0
PP,7770,7775,3,trj_id1_ti3_1770_tf3_1775,1,0,0
PP,7776,7830,3,trj_id1_ti3_1776_tf3_1830,1,0,0
PP,7831,7848,3,trj_id1_ti3_1831_tf3_1848,1,0,0
PP,7860,7861,3,trj_id1_ti3_1860_tf3_1861,1,0,0
PP,7862,7874,3,trj_id6_ti3_1862_tf3_1874,1,1,1
PP,7875,7879,3,trj_id1_ti3_1875_tf3_1879,1,0,0
PP,7880,7920,3,trj_id6_ti3_1880_tf3_1920,1,0,0
PP,7921,7949,3,trj_id4_ti3_1921_tf3_1949,1,0,0
PP,7950,8003,3,trj_id7_ti3_1950_tf3_2003,1,1,1
PP,8004,8021,3,trj_id4_ti3_2004_tf3_2021,1,0,0
PP,8022,8055,3,trj_id4_ti3_2022_tf3_2055,1,0,0
PP,8056,8127,3,trj_id5_ti3_2056_tf3_2127,1,1,1
PP,8128,8141,3,trj_id5_ti3_2128_tf3_2141,1,0,0
PP,8142,8149,3,trj_id8_ti3_2142_tf3_2149,1,1,1
PP,8150,8154,3,trj_id3_ti3_2150_tf3_2154,1,0,0
PP,8157,8171,3,trj_id5_ti3_2157_tf3_2171,1,0,0
PP,8172,8203,3,trj_id5_ti3_2172_tf3_2203,1,1,1
PP,8204,8521,3,trj_id5_ti3_2204_tf3_2521,1,0,0
PP,8522,8669,3,trj_id6_ti3_2522_tf3_2669,1,0,0
PP,8670,8837,3,trj_id4_ti3_2670_tf3_2837,1,0,0
PP,8838,8889,3,trj_id1_ti3_2838_tf3_2889,1,0,0
PP,8890,8909,3,trj_id1_ti3_2890_tf3_2909,1,0,0
PP,8910,8912,3,trj_id1_ti3_2910_tf3_2912,1,0,0
PP,8915,8916,3,trj_id1_ti3_2915_tf3_2916,1,0,0
PP,8965,8968,3,trj_id1_ti3_2965_tf3_2968,1,0,0
PP,8969,8974,3,trj_id1_ti3_2969_tf3_2974,1,0,0
PP,8975,8990,3,trj_id1_ti3_2975_tf3_2990,1,0,0
PP,8991,8997,3,trj_id1_ti3_2991_tf3_2997,1,0,0
PP,8998,9000,3,trj_id1_ti3_2998_tf3_3000,1,0,0
